metriculation,Degree,Year,Class1,C1G1,C1G2,C1G3,C1EQ1,C1EQ2,C1EQ3,Class2,C2G1,C2G2,C2G3,C2EQ1,C2EQ2,C2EQ3
4442282,ES,4,COMPSCI4444,56,89,12,54,53,92,COMPSCI8888,53,4,3,15,100,23
2142784,ES,1,COMPSCI4444,71,80,75,76,18,85,COMPSCI6666,5,68,76,73,89,96
7234156,SE,4,COMPSCI4444,39,48,12,99,41,32,COMPSCI5555,36,44,40,44,67,80
7589572,ES,1,COMPSCI3333,100,7,59,36,38,22,COMPSCI8888,21,45,67,46,96,78
3957603,ES,1,COMPSCI2222,68,16,16,71,90,39,COMPSCI7777,22,5,71,86,63,29
8628618,CH,1,COMPSCI1111,33,19,81,74,82,25,COMPSCI8888,29,76,12,37,78,3
7318496,ES,1,COMPSCI4444,63,32,38,87,97,79,COMPSCI8888,12,65,33,83,18,98
8707357,ES,4,COMPSCI1111,25,73,81,36,58,83,COMPSCI7777,38,58,65,36,37,44
3972143,IN,2,COMPSCI1111,73,78,75,76,42,46,COMPSCI5555,73,98,26,54,99,89
7602285,ES,1,COMPSCI4444,95,29,32,38,30,99,COMPSCI8888,78,37,45,32,72,4
9052922,CH,4,COMPSCI3333,90,41,50,82,13,74,COMPSCI5555,38,71,35,3,22,21
1955311,IN,1,COMPSCI2222,85,33,86,38,5,21,COMPSCI5555,62,45,41,79,76,98
4721802,ES,1,COMPSCI3333,59,26,42,23,85,19,COMPSCI6666,12,76,28,47,14,71
5995227,SE,4,COMPSCI4444,68,42,41,3,63,40,COMPSCI7777,2,47,52,69,37,74
1487960,ES,2,COMPSCI3333,80,19,9,71,6,80,COMPSCI8888,1,99,1,49,35,52
6488010,ES,2,COMPSCI3333,80,77,32,7,61,96,COMPSCI8888,6,18,19,77,79,4
4576092,ES,2,COMPSCI4444,15,20,6,48,92,24,COMPSCI7777,42,40,19,4,53,75
2360606,ES,2,COMPSCI4444,67,69,4,63,13,37,COMPSCI8888,20,72,53,32,60,86
4382716,ES,1,COMPSCI4444,98,86,30,73,82,39,COMPSCI7777,78,90,54,27,93,87
9212881,CH,4,COMPSCI3333,65,23,25,48,16,41,COMPSCI8888,12,31,82,37,67,90
1594749,ES,1,COMPSCI3333,36,70,21,65,57,48,COMPSCI8888,60,40,100,26,46,49
9153391,SE,2,COMPSCI3333,98,56,35,83,32,99,COMPSCI7777,72,13,90,8,69,72
6670339,ES,3,COMPSCI4444,70,72,63,52,32,19,COMPSCI5555,50,29,59,57,66,51
2347879,IN,1,COMPSCI4444,88,65,4,70,4,28,COMPSCI8888,70,56,98,41,81,10
7668375,ES,3,COMPSCI4444,78,42,21,8,39,26,COMPSCI8888,7,26,61,41,85,28
7959213,CH,1,COMPSCI4444,32,47,85,97,75,86,COMPSCI8888,79,72,1,23,74,41
2097203,ES,1,COMPSCI4444,3,9,10,73,27,98,COMPSCI8888,91,50,46,39,52,31
2723869,IN,1,COMPSCI4444,39,62,74,12,64,3,COMPSCI8888,86,36,79,71,28,7
8835384,CH,1,COMPSCI4444,64,24,46,10,77,55,COMPSCI8888,25,76,59,59,77,15
7139566,ES,1,COMPSCI4444,73,81,10,100,91,47,COMPSCI8888,53,12,48,10,12,42
4579846,IN,4,COMPSCI4444,43,87,99,11,39,79,COMPSCI8888,53,47,7,53,68,6
8649062,CS,1,COMPSCI1111,56,17,33,79,50,87,COMPSCI7777,78,15,69,78,22,27
6026157,ES,2,COMPSCI4444,46,34,22,49,19,24,COMPSCI8888,67,8,37,25,27,71
8403687,ES,3,COMPSCI4444,30,40,68,5,47,27,COMPSCI7777,86,23,100,45,11,90
9893611,IN,1,COMPSCI3333,3,12,84,6,61,22,COMPSCI8888,65,13,46,61,35,100
2019522,ES,1,COMPSCI2222,92,8,61,23,57,42,COMPSCI8888,98,66,71,48,49,71
8562699,IN,2,COMPSCI4444,35,25,40,30,51,14,COMPSCI8888,76,86,37,8,59,29
4329804,IN,2,COMPSCI2222,29,91,19,93,1,13,COMPSCI8888,64,1,87,73,58,74
2991269,ES,1,COMPSCI4444,88,48,94,100,46,93,COMPSCI8888,99,61,61,2,20,47
9311408,CH,2,COMPSCI4444,53,91,68,46,7,25,COMPSCI8888,15,82,72,4,45,44
9827158,ES,4,COMPSCI1111,49,68,2,84,65,69,COMPSCI8888,83,47,55,1,98,11
3149791,ES,4,COMPSCI4444,65,41,61,8,76,73,COMPSCI7777,17,20,57,95,90,38
1586942,CS,3,COMPSCI2222,40,64,83,10,20,16,COMPSCI8888,2,80,31,47,39,70
6825644,ES,2,COMPSCI3333,96,42,5,94,41,80,COMPSCI7777,9,34,41,46,2,85
3687460,ES,1,COMPSCI3333,100,86,68,61,63,78,COMPSCI6666,13,96,91,59,32,34
3593874,IN,2,COMPSCI1111,84,33,57,17,26,38,COMPSCI8888,71,66,38,65,29,24
1932287,ES,1,COMPSCI4444,59,63,4,7,6,79,COMPSCI8888,37,51,43,66,6,44
4208605,CH,1,COMPSCI4444,38,19,45,63,23,74,COMPSCI5555,69,40,7,78,54,3
6138379,CH,1,COMPSCI3333,78,76,63,32,83,29,COMPSCI7777,72,93,37,92,37,76
7644816,IN,3,COMPSCI3333,90,3,97,68,35,81,COMPSCI8888,67,75,99,2,17,12
7727335,CH,4,COMPSCI4444,39,63,40,48,88,35,COMPSCI8888,28,88,98,29,100,10
8969097,ES,3,COMPSCI3333,21,73,68,47,87,89,COMPSCI6666,90,14,15,96,90,82
6574717,IN,1,COMPSCI1111,66,19,38,61,48,39,COMPSCI8888,75,72,27,84,96,99
1942115,ES,4,COMPSCI2222,15,29,36,71,59,75,COMPSCI8888,48,37,82,58,68,91
5669042,ES,3,COMPSCI4444,98,13,68,91,34,36,COMPSCI8888,92,20,44,63,53,29
4997331,SE,1,COMPSCI3333,93,37,74,64,37,2,COMPSCI8888,66,28,75,61,38,5
8358796,ES,1,COMPSCI4444,54,78,53,46,46,48,COMPSCI6666,22,99,26,81,1,63
9989090,IN,3,COMPSCI1111,5,53,3,14,57,84,COMPSCI8888,92,49,1,12,99,84
7353210,SE,4,COMPSCI3333,16,10,57,68,78,68,COMPSCI6666,18,88,85,10,33,55
3433810,IN,1,COMPSCI4444,68,46,17,33,72,65,COMPSCI8888,31,44,89,74,28,67
9627831,ES,3,COMPSCI3333,54,6,50,63,10,76,COMPSCI8888,50,96,58,98,50,73
6815935,ES,3,COMPSCI3333,66,59,93,77,71,33,COMPSCI8888,77,74,22,29,7,93
9864633,IN,3,COMPSCI3333,17,83,3,57,75,25,COMPSCI6666,94,46,77,9,96,30
6434109,CH,2,COMPSCI1111,32,63,63,43,88,38,COMPSCI6666,6,14,37,58,36,28
6941548,ES,3,COMPSCI4444,94,52,88,27,28,39,COMPSCI7777,32,67,16,77,37,20
7226171,CH,4,COMPSCI4444,25,97,64,57,8,40,COMPSCI8888,14,71,84,72,15,19
4402702,ES,4,COMPSCI4444,32,52,89,2,1,93,COMPSCI7777,80,57,25,78,66,55
8962132,IN,4,COMPSCI1111,56,13,55,31,39,64,COMPSCI8888,99,77,78,46,53,87
2061257,ES,2,COMPSCI2222,38,6,81,46,50,39,COMPSCI8888,28,89,13,60,22,44
9648199,ES,4,COMPSCI2222,23,96,60,7,79,92,COMPSCI8888,74,74,87,6,56,20
3979233,CS,3,COMPSCI4444,71,98,18,98,49,91,COMPSCI7777,72,62,65,79,41,61
7431558,IN,2,COMPSCI4444,86,21,72,21,46,70,COMPSCI8888,46,58,96,46,88,7
5455365,IN,1,COMPSCI3333,52,54,97,68,66,58,COMPSCI6666,31,51,78,46,1,27
3198733,IN,3,COMPSCI4444,8,32,68,50,10,79,COMPSCI8888,91,32,73,27,76,25
9078347,IN,3,COMPSCI4444,29,62,52,91,34,18,COMPSCI8888,70,41,45,79,46,20
3762729,ES,1,COMPSCI3333,9,51,35,67,99,91,COMPSCI6666,25,68,100,85,63,31
6098895,CS,1,COMPSCI2222,36,87,13,28,15,36,COMPSCI5555,18,24,61,51,23,70
8660942,ES,1,COMPSCI1111,36,97,97,97,54,61,COMPSCI7777,64,88,6,63,95,94
6549438,CH,1,COMPSCI2222,59,94,47,26,53,49,COMPSCI8888,16,86,17,37,34,62
7103967,CH,3,COMPSCI4444,67,37,29,77,16,62,COMPSCI5555,20,47,9,61,86,98
7723032,ES,1,COMPSCI1111,59,92,14,1,100,57,COMPSCI6666,42,16,60,39,12,24
5112539,IN,1,COMPSCI4444,89,99,27,77,14,61,COMPSCI7777,37,3,20,83,40,36
5881375,ES,3,COMPSCI1111,23,37,56,93,80,79,COMPSCI7777,6,80,18,100,40,40
3993050,ES,1,COMPSCI4444,5,55,3,9,12,50,COMPSCI6666,8,30,77,63,71,87
5773705,ES,3,COMPSCI1111,41,58,81,61,48,29,COMPSCI7777,54,75,92,52,41,97
6965069,SE,1,COMPSCI2222,35,92,2,48,38,11,COMPSCI8888,37,79,33,82,23,64
9265760,ES,2,COMPSCI4444,33,35,82,56,10,59,COMPSCI5555,53,67,45,9,80,43
6558275,CH,2,COMPSCI4444,81,77,88,8,36,32,COMPSCI5555,63,20,50,53,88,42
5359466,IN,4,COMPSCI4444,21,23,98,54,28,61,COMPSCI7777,59,86,58,24,42,81
7187324,ES,1,COMPSCI1111,12,52,3,80,88,6,COMPSCI7777,79,78,73,4,17,63
1521610,ES,3,COMPSCI1111,83,14,58,42,59,83,COMPSCI8888,63,42,14,16,33,4
6437264,CH,3,COMPSCI1111,88,40,90,89,1,2,COMPSCI7777,12,43,87,17,83,30
6563467,IN,3,COMPSCI4444,4,54,23,95,20,53,COMPSCI8888,94,33,91,40,76,28
6945890,IN,3,COMPSCI4444,97,75,77,17,55,91,COMPSCI8888,89,11,55,66,47,87
5439733,ES,1,COMPSCI2222,32,16,55,52,70,70,COMPSCI7777,68,2,3,43,48,47
9516789,ES,1,COMPSCI3333,89,40,100,16,25,67,COMPSCI6666,96,11,70,55,11,48
9509635,IN,1,COMPSCI3333,54,49,21,35,79,97,COMPSCI6666,24,40,89,100,96,79
2898770,IN,2,COMPSCI4444,13,31,22,58,10,100,COMPSCI7777,93,1,33,94,69,49
2427230,ES,3,COMPSCI4444,22,53,86,66,45,91,COMPSCI7777,26,82,99,77,27,7
7855178,CH,2,COMPSCI4444,7,46,84,79,81,96,COMPSCI8888,72,59,82,96,43,92
1688288,ES,4,COMPSCI3333,95,51,28,94,36,53,COMPSCI5555,59,32,78,65,41,37
1244051,ES,3,COMPSCI3333,34,19,61,82,45,45,COMPSCI5555,8,5,26,81,99,89
7393434,SE,2,COMPSCI4444,23,58,26,16,18,15,COMPSCI8888,73,14,27,5,33,65
9482027,ES,1,COMPSCI4444,58,44,99,87,19,95,COMPSCI8888,50,91,43,58,91,16
1542172,ES,1,COMPSCI3333,96,30,47,3,36,14,COMPSCI8888,33,88,95,99,39,17
4661798,ES,4,COMPSCI1111,86,42,43,75,79,75,COMPSCI8888,4,17,8,95,48,14
9680642,ES,2,COMPSCI3333,65,58,10,29,76,79,COMPSCI8888,91,89,73,56,14,81
9542386,CH,2,COMPSCI1111,11,77,12,56,4,68,COMPSCI8888,60,59,56,25,8,57
8834031,CH,2,COMPSCI2222,93,92,50,26,18,91,COMPSCI8888,48,27,11,11,45,71
4922283,ES,1,COMPSCI1111,10,67,37,97,44,42,COMPSCI7777,99,84,46,84,38,60
8494972,IN,1,COMPSCI3333,25,50,98,62,92,30,COMPSCI8888,21,44,95,99,40,89
5831723,IN,4,COMPSCI4444,38,39,84,4,87,96,COMPSCI8888,70,97,1,62,67,33
6253160,ES,1,COMPSCI1111,33,84,23,53,20,6,COMPSCI8888,60,44,6,18,29,38
4748450,ES,1,COMPSCI3333,38,34,98,81,68,6,COMPSCI5555,41,38,14,18,37,3
5697957,ES,1,COMPSCI3333,72,68,89,72,61,46,COMPSCI8888,76,93,23,47,68,82
9320666,IN,3,COMPSCI4444,14,95,57,29,97,31,COMPSCI8888,40,39,78,64,97,73
3203026,ES,1,COMPSCI4444,72,60,36,73,6,14,COMPSCI8888,55,14,72,18,53,84
7965998,ES,4,COMPSCI4444,35,55,53,100,30,6,COMPSCI8888,69,48,80,77,26,85
3137318,IN,4,COMPSCI3333,94,46,98,78,26,47,COMPSCI6666,57,56,90,42,22,31
4803481,SE,2,COMPSCI2222,88,40,49,32,97,21,COMPSCI7777,37,67,44,49,36,66
7175539,CS,1,COMPSCI4444,36,51,37,56,31,11,COMPSCI8888,32,10,9,80,21,96
7588552,ES,3,COMPSCI1111,90,93,4,19,61,73,COMPSCI7777,2,2,46,83,90,80
9722925,ES,1,COMPSCI4444,45,1,51,40,77,53,COMPSCI8888,42,91,38,83,5,63
9985614,IN,3,COMPSCI1111,44,85,44,64,60,91,COMPSCI8888,69,99,52,14,96,51
4569261,ES,3,COMPSCI4444,62,58,76,82,63,48,COMPSCI8888,8,87,44,75,47,9
5992133,IN,1,COMPSCI3333,70,23,68,55,74,16,COMPSCI7777,71,95,99,55,21,24
8316199,ES,3,COMPSCI4444,17,25,77,20,1,1,COMPSCI8888,73,34,58,69,39,86
3626585,IN,1,COMPSCI4444,11,52,77,90,13,21,COMPSCI7777,35,48,77,4,74,25
2515029,IN,4,COMPSCI4444,23,8,38,28,18,9,COMPSCI8888,21,58,4,15,43,79
7264236,SE,1,COMPSCI4444,42,34,98,22,32,48,COMPSCI8888,56,91,96,21,61,3
6297220,IN,2,COMPSCI4444,38,11,66,67,45,2,COMPSCI8888,29,62,67,100,52,90
8994416,ES,1,COMPSCI4444,35,96,69,39,4,19,COMPSCI8888,40,97,13,1,57,66
8381300,IN,3,COMPSCI4444,20,18,51,19,43,71,COMPSCI6666,5,78,37,56,51,24
5048347,CH,2,COMPSCI4444,64,76,30,45,99,61,COMPSCI7777,2,8,94,41,38,52
5634492,ES,3,COMPSCI4444,68,21,12,90,68,8,COMPSCI7777,29,4,61,76,63,76
2419912,CH,4,COMPSCI4444,65,25,48,3,15,38,COMPSCI8888,7,36,63,21,28,75
1751159,ES,4,COMPSCI2222,59,44,7,90,58,50,COMPSCI5555,44,86,24,16,98,76
7937293,IN,2,COMPSCI1111,80,61,5,35,3,26,COMPSCI8888,87,31,95,38,26,88
6845941,ES,3,COMPSCI3333,88,100,6,58,4,56,COMPSCI8888,93,2,82,42,74,26
8165174,ES,3,COMPSCI4444,38,36,51,25,11,73,COMPSCI7777,75,79,42,54,80,57
9128753,CS,1,COMPSCI2222,39,69,57,1,11,46,COMPSCI6666,84,92,46,73,36,8
7428608,ES,4,COMPSCI4444,28,71,6,30,11,15,COMPSCI6666,93,5,95,93,65,39
3984229,ES,3,COMPSCI2222,34,10,97,84,6,73,COMPSCI6666,39,94,66,34,32,54
4984636,IN,3,COMPSCI4444,40,28,3,95,54,67,COMPSCI7777,90,97,86,50,88,72
1469038,IN,2,COMPSCI4444,10,77,55,78,47,98,COMPSCI7777,15,44,24,4,79,19
9660044,ES,3,COMPSCI3333,73,60,27,77,67,51,COMPSCI8888,44,18,99,8,60,15
6783102,ES,2,COMPSCI4444,13,86,49,44,11,22,COMPSCI8888,44,75,29,75,100,57
1098014,IN,3,COMPSCI3333,12,64,31,4,7,54,COMPSCI7777,95,12,41,43,67,10
3819687,ES,3,COMPSCI2222,16,84,86,17,98,73,COMPSCI8888,86,45,100,40,53,16
8152369,CS,4,COMPSCI4444,24,29,16,97,21,87,COMPSCI8888,66,40,54,21,44,58
7415756,CS,3,COMPSCI4444,73,83,89,66,92,88,COMPSCI7777,94,13,71,61,8,8
8027818,IN,4,COMPSCI3333,13,10,10,97,42,54,COMPSCI7777,26,56,73,93,23,46
2234588,ES,2,COMPSCI4444,98,48,81,33,78,67,COMPSCI5555,94,56,55,92,82,33
3632454,CS,2,COMPSCI4444,95,43,98,43,4,97,COMPSCI7777,6,1,86,74,97,72
1718043,ES,2,COMPSCI4444,80,100,49,34,96,63,COMPSCI7777,30,58,13,14,52,10
2626127,IN,3,COMPSCI1111,36,47,12,81,61,31,COMPSCI8888,19,62,55,69,41,28
5686561,ES,1,COMPSCI2222,83,49,10,99,94,58,COMPSCI6666,23,91,49,98,35,90
7428734,ES,1,COMPSCI1111,17,21,9,47,55,60,COMPSCI6666,50,86,95,64,30,95
2269970,SE,1,COMPSCI4444,9,69,86,98,79,10,COMPSCI8888,82,17,61,59,58,41
3062430,IN,1,COMPSCI4444,35,6,38,73,66,97,COMPSCI8888,36,20,95,58,42,33
2031534,IN,2,COMPSCI4444,58,90,53,62,1,66,COMPSCI7777,73,72,52,42,2,76
4633277,ES,4,COMPSCI4444,13,25,64,18,85,13,COMPSCI8888,12,14,93,46,29,34
5582115,ES,2,COMPSCI2222,99,14,20,15,53,21,COMPSCI8888,100,15,54,81,86,57
8240263,ES,1,COMPSCI2222,16,55,39,92,93,94,COMPSCI7777,61,56,88,13,70,2
3244916,IN,2,COMPSCI3333,41,62,86,28,55,52,COMPSCI7777,22,69,42,15,53,14
7098538,IN,1,COMPSCI3333,66,68,9,80,61,95,COMPSCI8888,25,52,7,78,62,18
9334882,IN,3,COMPSCI4444,79,40,70,57,24,69,COMPSCI7777,9,41,27,83,80,64
1271005,ES,1,COMPSCI4444,3,25,92,67,39,38,COMPSCI5555,13,51,97,77,1,66
5546563,ES,3,COMPSCI4444,15,5,82,19,83,4,COMPSCI8888,27,68,39,61,45,88
1476106,ES,1,COMPSCI1111,52,98,65,15,21,23,COMPSCI5555,77,23,52,75,25,12
8279009,CH,1,COMPSCI4444,64,58,74,64,64,89,COMPSCI6666,12,22,63,49,71,55
2440909,ES,4,COMPSCI2222,69,35,13,32,12,78,COMPSCI7777,13,60,74,71,32,88
4400556,CH,4,COMPSCI3333,56,49,28,30,52,94,COMPSCI8888,61,75,64,37,65,45
4808112,ES,1,COMPSCI4444,94,84,32,43,6,88,COMPSCI7777,32,42,78,98,79,94
9327587,IN,1,COMPSCI4444,72,35,40,80,72,54,COMPSCI8888,99,44,72,92,38,57
5027584,ES,4,COMPSCI2222,33,91,87,31,27,46,COMPSCI7777,42,97,5,16,69,86
4458866,ES,4,COMPSCI3333,14,96,1,41,94,29,COMPSCI7777,77,43,86,1,69,46
1416551,IN,2,COMPSCI1111,38,21,98,8,67,88,COMPSCI7777,89,89,61,84,36,23
6236959,ES,3,COMPSCI4444,69,34,35,17,4,98,COMPSCI8888,74,25,64,66,40,21
9490743,ES,3,COMPSCI3333,42,77,58,45,51,10,COMPSCI7777,63,51,91,89,49,1
7050131,IN,3,COMPSCI2222,49,74,10,13,22,31,COMPSCI7777,92,53,12,6,90,22
4195751,ES,3,COMPSCI3333,91,81,72,62,95,60,COMPSCI5555,75,51,83,35,40,88
4483228,CS,4,COMPSCI4444,56,9,13,41,55,4,COMPSCI6666,75,68,94,4,98,70
6149597,ES,4,COMPSCI4444,75,65,13,12,52,89,COMPSCI8888,37,35,89,74,23,67
1964837,ES,4,COMPSCI3333,76,46,66,39,36,60,COMPSCI8888,35,96,13,8,25,44
6036816,ES,4,COMPSCI4444,59,22,99,12,11,47,COMPSCI5555,77,13,15,82,83,58
6090166,ES,1,COMPSCI4444,81,92,41,40,3,77,COMPSCI8888,93,34,76,33,81,57
3274722,ES,3,COMPSCI4444,85,48,7,73,11,89,COMPSCI7777,31,19,43,94,77,52
8859262,CH,3,COMPSCI2222,46,89,2,87,87,48,COMPSCI8888,33,21,53,5,54,10
4550794,ES,4,COMPSCI4444,32,26,12,56,56,7,COMPSCI5555,64,86,86,62,96,98
6881306,IN,2,COMPSCI3333,46,32,68,57,84,7,COMPSCI5555,42,21,99,43,3,89
9067533,IN,4,COMPSCI1111,21,100,83,59,24,46,COMPSCI5555,11,13,71,50,22,31
1197535,SE,4,COMPSCI3333,30,27,39,6,96,81,COMPSCI8888,60,88,49,73,10,8
1658227,CH,4,COMPSCI1111,44,50,53,95,2,77,COMPSCI7777,66,89,53,66,38,60
9545135,ES,4,COMPSCI4444,48,19,4,10,66,15,COMPSCI5555,56,54,19,45,40,17
3732739,ES,4,COMPSCI4444,55,22,33,1,34,33,COMPSCI6666,68,57,33,75,95,96
8524099,ES,1,COMPSCI4444,8,78,77,83,94,89,COMPSCI8888,37,69,72,42,63,39
5241106,CS,1,COMPSCI1111,69,94,82,96,24,59,COMPSCI7777,34,96,31,47,25,55
5289428,ES,1,COMPSCI4444,31,56,29,23,81,6,COMPSCI8888,48,17,92,22,14,67
4842636,ES,2,COMPSCI4444,42,12,70,60,65,2,COMPSCI8888,70,89,46,27,29,66
6349815,ES,3,COMPSCI2222,27,56,58,38,98,77,COMPSCI7777,100,63,58,68,11,58
8107351,IN,1,COMPSCI4444,1,1,75,37,2,33,COMPSCI5555,17,2,4,55,61,56
9876676,IN,3,COMPSCI4444,12,67,87,49,71,34,COMPSCI8888,6,9,72,13,57,95
1746358,ES,1,COMPSCI4444,21,76,9,31,19,99,COMPSCI5555,10,48,28,70,21,36
1577936,IN,1,COMPSCI2222,55,84,6,26,28,13,COMPSCI5555,8,38,60,32,24,58
3638734,ES,3,COMPSCI4444,69,2,23,89,37,55,COMPSCI8888,30,84,8,65,61,53
9002242,ES,1,COMPSCI4444,71,44,66,4,9,51,COMPSCI6666,18,60,76,66,90,1
2566222,IN,1,COMPSCI4444,44,84,31,95,79,91,COMPSCI8888,34,42,61,42,39,22
4966913,ES,4,COMPSCI3333,89,10,12,79,28,88,COMPSCI6666,61,43,57,1,20,71
8938758,ES,4,COMPSCI4444,78,14,21,95,96,81,COMPSCI8888,50,47,99,45,77,39
7286449,CH,3,COMPSCI4444,49,9,34,32,20,32,COMPSCI8888,50,21,35,27,86,18
4123570,ES,1,COMPSCI1111,38,92,88,75,79,41,COMPSCI7777,43,59,94,43,55,98
8977357,IN,4,COMPSCI4444,33,48,90,27,25,17,COMPSCI7777,84,99,52,2,5,87
4424296,IN,2,COMPSCI1111,75,92,79,63,6,76,COMPSCI7777,86,4,6,67,72,13
5286703,IN,2,COMPSCI4444,85,15,12,6,90,25,COMPSCI7777,2,46,54,76,89,16
3645428,CH,1,COMPSCI2222,8,22,82,2,33,79,COMPSCI7777,10,66,60,11,44,70
8999593,IN,4,COMPSCI3333,70,37,69,13,83,36,COMPSCI8888,80,91,6,14,40,73
3555625,ES,3,COMPSCI3333,77,97,47,6,33,17,COMPSCI8888,94,100,42,16,20,92
5487638,IN,1,COMPSCI4444,39,56,74,6,47,35,COMPSCI7777,76,75,41,71,12,47
7606587,IN,3,COMPSCI4444,55,48,19,49,56,24,COMPSCI7777,8,69,9,10,7,99
3000527,IN,2,COMPSCI3333,5,87,13,7,89,63,COMPSCI5555,3,39,52,28,31,51
5657798,CH,1,COMPSCI4444,36,24,80,94,98,29,COMPSCI8888,22,92,96,10,31,39
5697249,CH,2,COMPSCI4444,4,40,52,3,58,71,COMPSCI5555,88,38,25,19,87,4
5466295,IN,2,COMPSCI4444,32,35,60,44,97,73,COMPSCI8888,9,23,75,21,84,63
8793975,ES,3,COMPSCI4444,87,2,39,43,26,35,COMPSCI5555,99,1,17,15,52,34
8454266,IN,1,COMPSCI2222,96,96,100,25,13,35,COMPSCI5555,9,78,23,51,74,89
8537330,ES,2,COMPSCI3333,4,5,51,30,93,69,COMPSCI8888,4,86,50,59,64,6
3063160,ES,2,COMPSCI1111,84,13,96,49,83,75,COMPSCI7777,89,60,90,49,48,56
3348381,CH,1,COMPSCI4444,8,36,23,16,17,8,COMPSCI7777,99,55,71,23,54,21
4983865,ES,4,COMPSCI3333,48,19,89,69,80,45,COMPSCI8888,36,37,37,73,66,25
3893550,ES,1,COMPSCI3333,84,23,23,89,61,84,COMPSCI7777,4,83,66,37,94,2
4658113,SE,3,COMPSCI4444,93,82,47,98,40,19,COMPSCI7777,61,67,18,69,6,63
7778909,ES,1,COMPSCI2222,28,67,78,88,53,71,COMPSCI8888,72,73,91,29,71,83
3900042,IN,1,COMPSCI3333,35,95,27,40,86,85,COMPSCI6666,13,98,44,16,52,60
7697221,ES,4,COMPSCI4444,31,27,19,62,84,59,COMPSCI8888,5,70,53,23,86,40
9285818,SE,4,COMPSCI4444,18,33,100,68,6,45,COMPSCI5555,97,56,96,27,83,46
3482898,CH,3,COMPSCI4444,58,64,54,47,3,16,COMPSCI8888,67,15,51,14,6,25
2458397,IN,4,COMPSCI2222,49,13,23,27,80,7,COMPSCI8888,50,24,9,58,49,28
6319597,IN,1,COMPSCI3333,80,98,74,57,75,16,COMPSCI6666,29,12,67,67,85,16
2021792,ES,4,COMPSCI4444,15,24,93,17,44,21,COMPSCI7777,28,23,41,72,27,30
2132698,ES,4,COMPSCI4444,86,97,11,96,79,83,COMPSCI6666,41,14,33,50,10,11
2513516,IN,1,COMPSCI1111,88,83,32,36,39,2,COMPSCI5555,77,2,11,50,7,89
5927480,SE,2,COMPSCI4444,60,50,24,23,5,27,COMPSCI8888,24,69,78,55,28,40
5236505,ES,2,COMPSCI4444,14,55,41,40,3,88,COMPSCI8888,30,40,34,12,64,48
5193053,IN,1,COMPSCI4444,91,4,78,89,57,1,COMPSCI6666,77,77,49,58,28,58
7408521,IN,3,COMPSCI3333,12,15,46,62,60,36,COMPSCI7777,82,7,34,10,82,22
3201355,IN,2,COMPSCI4444,29,8,55,12,38,32,COMPSCI8888,49,28,46,10,52,19
5666135,IN,2,COMPSCI3333,20,11,14,46,86,79,COMPSCI7777,29,43,70,96,19,50
1885450,IN,3,COMPSCI2222,26,22,89,99,19,78,COMPSCI8888,4,50,60,91,86,49
3123564,IN,3,COMPSCI1111,16,42,6,42,43,6,COMPSCI5555,13,63,47,49,90,71
2255238,ES,1,COMPSCI3333,44,23,24,69,82,1,COMPSCI5555,43,59,39,79,66,79
5506756,ES,1,COMPSCI3333,19,24,76,71,35,72,COMPSCI6666,12,94,18,62,54,25
2104297,ES,1,COMPSCI3333,51,36,58,62,14,5,COMPSCI6666,28,12,41,29,20,14
5362460,ES,2,COMPSCI1111,14,60,68,61,57,76,COMPSCI8888,39,29,67,98,80,12
4497500,ES,3,COMPSCI4444,14,39,92,68,64,69,COMPSCI8888,17,25,10,53,76,43
6344214,ES,2,COMPSCI4444,43,42,24,7,9,5,COMPSCI8888,55,88,99,85,83,95
6132089,ES,2,COMPSCI4444,18,35,99,59,60,24,COMPSCI7777,78,56,97,83,3,86
3285237,SE,3,COMPSCI4444,98,94,15,30,93,59,COMPSCI6666,44,45,9,47,85,76
4495670,ES,1,COMPSCI2222,4,31,89,53,54,14,COMPSCI8888,70,38,12,11,62,7
3326449,ES,1,COMPSCI4444,67,87,11,56,68,34,COMPSCI5555,69,4,11,28,40,100
3504260,ES,1,COMPSCI1111,2,87,71,29,77,2,COMPSCI6666,27,52,99,64,33,15
6062568,ES,2,COMPSCI3333,3,46,79,57,22,46,COMPSCI7777,79,29,44,59,64,24
4878672,ES,1,COMPSCI4444,45,44,77,93,83,54,COMPSCI8888,29,61,34,84,90,74
1230888,CS,1,COMPSCI2222,94,82,12,60,30,83,COMPSCI7777,85,79,54,5,42,74
6923866,IN,4,COMPSCI3333,88,26,6,7,21,36,COMPSCI6666,80,69,10,32,92,54
1349141,CS,4,COMPSCI4444,13,20,11,20,96,73,COMPSCI8888,10,60,75,23,100,100
7587209,ES,1,COMPSCI4444,81,1,33,85,61,92,COMPSCI8888,17,2,23,88,11,36
5088283,IN,3,COMPSCI4444,91,71,43,6,95,1,COMPSCI8888,48,45,31,96,29,29
1592598,CH,4,COMPSCI4444,48,26,9,53,40,23,COMPSCI8888,70,25,32,74,25,51
8341733,ES,2,COMPSCI4444,66,18,63,27,43,82,COMPSCI8888,5,2,6,34,92,21
1941508,ES,2,COMPSCI1111,46,94,34,64,65,27,COMPSCI7777,14,100,42,89,5,61
5633575,ES,2,COMPSCI2222,71,72,38,28,30,59,COMPSCI5555,68,84,55,2,97,54
4317749,CS,4,COMPSCI3333,31,88,82,48,60,15,COMPSCI7777,55,80,79,54,6,61
8577725,ES,2,COMPSCI4444,46,54,40,13,67,30,COMPSCI7777,8,17,99,19,78,8
7377892,SE,1,COMPSCI2222,17,76,57,65,76,70,COMPSCI7777,12,70,13,89,24,25
3843175,CS,3,COMPSCI4444,41,76,12,29,1,64,COMPSCI7777,76,11,71,40,11,66
1920659,SE,2,COMPSCI4444,49,46,76,83,23,57,COMPSCI5555,74,93,38,51,59,32
8395102,ES,3,COMPSCI4444,13,36,75,79,52,98,COMPSCI7777,89,24,71,37,34,87
8660702,SE,2,COMPSCI3333,14,14,79,68,25,94,COMPSCI8888,58,95,41,12,70,11
2602911,ES,4,COMPSCI4444,79,59,1,70,55,68,COMPSCI8888,82,56,49,90,20,17
4855912,CS,4,COMPSCI4444,80,24,34,15,43,17,COMPSCI8888,23,83,60,41,66,3
4767034,SE,2,COMPSCI4444,87,32,15,70,69,5,COMPSCI7777,89,56,68,12,14,12
6660507,IN,4,COMPSCI1111,99,79,13,41,19,32,COMPSCI7777,36,71,34,70,38,52
7036595,ES,1,COMPSCI1111,91,82,80,71,50,77,COMPSCI5555,74,61,5,78,41,33
6359457,ES,1,COMPSCI4444,39,43,1,84,51,87,COMPSCI6666,47,71,74,1,100,71
9068914,IN,1,COMPSCI3333,28,14,81,82,82,68,COMPSCI7777,40,45,98,96,33,34
9042779,ES,4,COMPSCI4444,18,45,36,97,49,18,COMPSCI7777,96,88,39,99,56,18
7101324,ES,4,COMPSCI3333,15,33,67,66,54,30,COMPSCI8888,28,96,82,25,71,28
4040809,ES,4,COMPSCI4444,9,33,93,41,75,26,COMPSCI7777,49,10,98,25,31,70
1994842,ES,4,COMPSCI4444,24,52,79,23,43,31,COMPSCI7777,81,77,87,13,81,86
5243667,CH,3,COMPSCI3333,68,12,82,81,39,31,COMPSCI8888,83,40,57,45,64,42
1639818,CS,3,COMPSCI4444,96,37,13,57,100,100,COMPSCI7777,44,66,36,55,85,83
8842968,CH,3,COMPSCI4444,37,6,31,17,48,38,COMPSCI5555,24,32,6,26,71,87
9870193,IN,4,COMPSCI4444,100,7,25,80,75,75,COMPSCI5555,2,77,48,7,21,40
8714242,CH,4,COMPSCI3333,89,55,20,72,70,16,COMPSCI7777,9,34,49,13,54,12
8097614,ES,3,COMPSCI4444,90,17,78,96,45,90,COMPSCI8888,84,46,27,21,91,74
2783610,ES,4,COMPSCI4444,24,58,11,25,38,71,COMPSCI6666,71,71,9,23,100,9
1695082,IN,2,COMPSCI4444,95,81,94,71,27,27,COMPSCI8888,20,6,41,33,90,40
2289464,SE,4,COMPSCI4444,76,25,35,21,53,62,COMPSCI8888,15,56,84,32,80,63
7792858,CS,2,COMPSCI4444,35,37,5,25,1,82,COMPSCI8888,98,45,82,42,70,47
5935448,ES,3,COMPSCI3333,12,42,65,30,81,73,COMPSCI8888,12,37,50,43,88,80
1483273,ES,1,COMPSCI4444,90,26,47,98,71,54,COMPSCI5555,22,65,55,70,11,79
4527178,ES,4,COMPSCI4444,19,65,43,59,43,23,COMPSCI8888,87,30,96,59,2,44
6348390,IN,1,COMPSCI1111,69,62,89,70,48,65,COMPSCI8888,20,10,15,8,63,31
6976989,ES,1,COMPSCI4444,99,14,66,28,10,98,COMPSCI7777,93,47,50,36,66,75
7305567,ES,4,COMPSCI4444,82,75,63,31,48,77,COMPSCI8888,49,33,57,32,24,92
3923317,IN,2,COMPSCI4444,52,10,27,61,87,63,COMPSCI7777,45,71,14,36,65,92
8995806,ES,3,COMPSCI4444,71,94,83,21,80,17,COMPSCI7777,2,33,86,75,82,37
9985888,ES,1,COMPSCI3333,38,30,74,62,19,100,COMPSCI8888,13,69,67,53,85,46
3200351,IN,1,COMPSCI1111,65,82,35,45,9,63,COMPSCI7777,59,16,98,59,22,68
7603177,CH,3,COMPSCI4444,60,2,55,54,74,25,COMPSCI7777,90,71,51,94,36,29
1320574,ES,3,COMPSCI4444,100,1,67,19,100,19,COMPSCI5555,85,89,73,24,54,44
7515571,ES,1,COMPSCI4444,18,25,38,50,77,31,COMPSCI7777,28,69,2,47,5,95
6809781,SE,1,COMPSCI1111,67,25,40,68,50,93,COMPSCI8888,36,99,27,4,28,39
9534985,ES,3,COMPSCI4444,42,25,37,79,40,98,COMPSCI8888,49,70,73,15,8,30
3944496,SE,3,COMPSCI4444,93,4,82,46,63,2,COMPSCI7777,77,33,29,51,4,45
5863678,SE,3,COMPSCI3333,60,79,98,62,53,39,COMPSCI6666,10,86,21,83,71,62
5914458,ES,3,COMPSCI3333,80,61,87,97,4,37,COMPSCI8888,40,71,12,98,57,61
2157159,CH,1,COMPSCI4444,8,83,92,7,79,28,COMPSCI5555,44,24,94,78,69,72
2830785,ES,1,COMPSCI3333,13,27,20,73,77,75,COMPSCI8888,83,12,32,34,89,81
2286601,ES,1,COMPSCI4444,85,36,64,61,55,90,COMPSCI6666,87,10,50,69,94,98
9529886,IN,4,COMPSCI4444,19,59,36,88,49,46,COMPSCI8888,20,29,3,92,50,41
2201065,IN,1,COMPSCI4444,82,19,49,12,33,8,COMPSCI6666,18,98,8,89,47,46
5770916,ES,1,COMPSCI3333,44,78,87,48,56,53,COMPSCI8888,33,34,51,20,95,45
2440653,CH,1,COMPSCI4444,44,78,46,38,39,49,COMPSCI6666,98,81,48,1,2,14
7989610,ES,4,COMPSCI4444,40,50,50,20,17,34,COMPSCI5555,100,2,81,53,30,49
4386900,IN,4,COMPSCI4444,27,15,30,70,83,25,COMPSCI8888,26,34,26,99,60,66
6718009,IN,2,COMPSCI4444,76,60,14,71,95,23,COMPSCI6666,10,25,59,68,45,27
1296631,ES,2,COMPSCI4444,1,74,38,32,6,48,COMPSCI7777,68,35,72,75,60,64
8440347,ES,4,COMPSCI4444,70,88,96,33,36,83,COMPSCI8888,3,30,65,63,84,53
3644511,CH,3,COMPSCI4444,34,11,84,53,15,20,COMPSCI8888,78,15,65,83,90,98
6559262,IN,4,COMPSCI2222,75,50,25,97,75,26,COMPSCI7777,73,47,23,81,61,38
3635684,IN,3,COMPSCI4444,23,18,51,27,96,74,COMPSCI8888,86,60,37,56,5,16
3732508,CH,2,COMPSCI1111,45,89,70,99,15,82,COMPSCI8888,1,2,28,92,41,24
5979391,CH,1,COMPSCI4444,56,8,85,94,32,81,COMPSCI8888,3,19,68,58,74,78
2208320,IN,1,COMPSCI1111,99,52,30,4,45,69,COMPSCI5555,13,23,94,45,12,98
3671472,ES,4,COMPSCI3333,73,39,50,27,39,25,COMPSCI5555,95,74,61,75,66,30
6216097,CS,3,COMPSCI4444,75,74,52,73,99,67,COMPSCI7777,69,51,79,85,46,34
7862317,IN,2,COMPSCI4444,59,25,40,93,23,49,COMPSCI8888,65,48,42,81,87,95
9970814,CH,1,COMPSCI3333,20,49,59,28,94,27,COMPSCI8888,91,56,46,46,43,30
6350426,ES,2,COMPSCI1111,81,34,6,69,84,73,COMPSCI7777,21,6,14,99,93,11
4163758,CS,2,COMPSCI4444,6,30,9,9,2,22,COMPSCI8888,96,49,50,38,20,87
3284415,CH,4,COMPSCI3333,78,42,69,80,93,1,COMPSCI5555,69,94,99,76,24,10
6451791,ES,4,COMPSCI4444,6,100,24,73,42,38,COMPSCI8888,55,55,3,37,15,97
5024164,CS,4,COMPSCI3333,36,71,36,51,60,96,COMPSCI7777,61,48,7,75,27,84
6146688,ES,1,COMPSCI4444,91,38,17,5,54,97,COMPSCI8888,31,10,70,98,26,49
3442829,IN,1,COMPSCI4444,2,98,6,14,42,45,COMPSCI8888,34,29,81,53,74,71
5148186,ES,1,COMPSCI1111,62,41,46,73,99,38,COMPSCI8888,49,4,99,57,13,70
8147040,ES,3,COMPSCI3333,16,84,65,37,67,58,COMPSCI8888,19,93,64,71,12,55
1389071,ES,3,COMPSCI2222,21,10,94,15,33,28,COMPSCI8888,19,94,84,40,8,81
5624231,ES,3,COMPSCI4444,15,20,8,72,76,82,COMPSCI7777,75,98,75,46,15,27
5665322,SE,4,COMPSCI2222,100,41,11,62,77,60,COMPSCI6666,37,40,42,84,81,84
3703910,IN,1,COMPSCI3333,50,67,42,43,34,61,COMPSCI8888,43,34,90,82,73,74
9346098,ES,1,COMPSCI3333,67,57,34,69,93,97,COMPSCI8888,60,72,24,29,50,28
5817889,ES,4,COMPSCI1111,67,54,100,40,74,83,COMPSCI8888,99,95,84,10,47,76
2424307,ES,1,COMPSCI1111,98,2,83,39,77,25,COMPSCI5555,49,3,84,2,56,93
3561815,IN,1,COMPSCI4444,3,70,31,54,58,67,COMPSCI8888,11,100,100,59,62,35
1578810,ES,1,COMPSCI1111,16,38,24,26,17,88,COMPSCI7777,27,90,47,33,1,85
2525479,ES,3,COMPSCI3333,83,10,85,17,26,89,COMPSCI8888,14,1,50,99,33,77
5623268,ES,1,COMPSCI4444,31,99,47,94,55,11,COMPSCI8888,12,91,58,21,67,22
2668554,CH,3,COMPSCI4444,46,80,36,18,47,52,COMPSCI8888,64,34,65,80,43,40
9318444,ES,3,COMPSCI4444,99,38,57,60,71,100,COMPSCI7777,61,13,63,50,41,60
5292594,ES,3,COMPSCI1111,21,98,53,54,44,13,COMPSCI5555,9,11,87,61,84,12
4718927,SE,3,COMPSCI1111,65,93,86,43,13,58,COMPSCI8888,40,35,65,20,99,7
4299035,ES,3,COMPSCI2222,33,22,27,10,40,45,COMPSCI8888,23,55,95,69,81,42
7295311,CH,1,COMPSCI4444,25,7,45,60,74,4,COMPSCI7777,27,82,20,62,70,85
7580948,IN,2,COMPSCI1111,92,84,86,90,3,91,COMPSCI8888,67,32,71,79,32,49
8256107,IN,1,COMPSCI4444,1,30,51,12,32,46,COMPSCI8888,7,55,63,31,99,48
1160481,ES,2,COMPSCI4444,52,60,10,98,56,83,COMPSCI8888,21,67,70,10,29,76
3842954,ES,1,COMPSCI1111,18,15,9,21,47,88,COMPSCI7777,37,42,30,42,79,17
3640997,ES,1,COMPSCI4444,27,80,74,11,8,28,COMPSCI8888,58,2,78,56,97,59
8323343,ES,4,COMPSCI3333,95,36,62,97,38,97,COMPSCI8888,86,55,33,43,60,59
1308824,CH,2,COMPSCI3333,36,79,6,52,73,84,COMPSCI5555,44,62,2,66,52,58
7278555,CS,3,COMPSCI3333,50,94,57,72,78,26,COMPSCI8888,99,88,40,92,92,34
6393612,ES,4,COMPSCI2222,14,12,100,14,17,14,COMPSCI8888,70,36,77,100,87,18
1470138,ES,2,COMPSCI4444,39,59,93,43,97,6,COMPSCI8888,76,22,37,89,19,31
7052649,IN,3,COMPSCI4444,18,3,49,98,77,60,COMPSCI7777,48,27,38,16,13,100
5546618,CS,1,COMPSCI3333,7,74,38,63,39,4,COMPSCI8888,65,77,53,6,32,76
4775134,SE,1,COMPSCI2222,29,41,98,42,17,96,COMPSCI8888,7,15,9,22,30,31
6916027,ES,2,COMPSCI4444,74,74,60,51,2,2,COMPSCI8888,76,65,16,35,89,75
1954862,CH,4,COMPSCI4444,35,19,51,99,13,48,COMPSCI8888,15,39,39,46,48,61
1505698,ES,1,COMPSCI4444,70,60,30,96,2,79,COMPSCI5555,25,15,34,38,10,19
4904133,CH,3,COMPSCI3333,59,16,99,48,62,30,COMPSCI8888,20,36,72,56,61,57
2010850,ES,1,COMPSCI4444,85,97,65,41,44,67,COMPSCI8888,70,48,18,34,35,63
2561808,ES,1,COMPSCI4444,54,67,71,80,68,33,COMPSCI7777,33,5,83,78,61,5
1572055,IN,4,COMPSCI1111,47,57,98,96,84,1,COMPSCI5555,47,47,94,8,61,18
9403146,ES,1,COMPSCI4444,33,2,99,64,43,84,COMPSCI5555,77,30,60,67,78,80
8944484,ES,1,COMPSCI4444,4,88,31,60,79,68,COMPSCI6666,1,86,45,41,70,71
2456208,ES,1,COMPSCI3333,67,37,74,86,6,15,COMPSCI5555,58,23,16,53,49,53
1811603,IN,2,COMPSCI2222,46,48,14,52,79,23,COMPSCI6666,81,27,8,77,89,68
2937978,ES,4,COMPSCI3333,69,91,6,52,73,39,COMPSCI7777,39,27,32,32,76,63
3222862,ES,3,COMPSCI4444,11,78,21,41,83,79,COMPSCI6666,2,59,59,33,58,18
9738430,CH,3,COMPSCI4444,74,67,50,33,27,14,COMPSCI7777,96,70,65,71,26,85
7919223,ES,2,COMPSCI4444,45,54,16,95,64,44,COMPSCI8888,20,30,71,88,80,77
8971014,CS,3,COMPSCI3333,28,43,52,98,59,60,COMPSCI7777,60,12,77,71,51,90
2478022,ES,2,COMPSCI4444,12,99,54,47,73,15,COMPSCI7777,79,60,22,96,36,60
4120259,CH,4,COMPSCI4444,7,34,84,91,98,58,COMPSCI7777,15,14,31,13,64,25
1192347,IN,1,COMPSCI4444,15,97,91,68,43,83,COMPSCI8888,87,50,96,16,77,100
3916754,IN,4,COMPSCI4444,40,20,72,79,1,65,COMPSCI6666,74,10,28,79,94,25
7720595,ES,3,COMPSCI2222,55,46,69,27,86,89,COMPSCI7777,27,22,82,18,49,43
3266824,ES,1,COMPSCI3333,63,67,12,40,33,78,COMPSCI6666,97,34,65,89,69,62
3657040,ES,1,COMPSCI4444,15,28,48,54,93,53,COMPSCI8888,35,48,24,84,53,90
8950328,ES,4,COMPSCI4444,64,77,16,63,82,2,COMPSCI8888,40,76,61,78,34,69
1424872,IN,4,COMPSCI4444,49,51,76,89,16,5,COMPSCI8888,32,33,60,51,61,31
4584001,IN,1,COMPSCI2222,66,2,90,61,35,17,COMPSCI5555,53,48,81,53,81,43
6052964,CH,2,COMPSCI2222,93,44,74,12,31,7,COMPSCI8888,10,64,96,1,68,61
5717459,ES,1,COMPSCI1111,54,99,80,64,79,64,COMPSCI7777,30,83,13,37,8,9
8167257,ES,3,COMPSCI3333,76,26,29,9,62,20,COMPSCI8888,39,4,86,24,47,11
3290634,ES,2,COMPSCI3333,28,51,55,45,63,53,COMPSCI7777,76,1,39,16,50,83
7140470,ES,4,COMPSCI4444,80,45,83,68,63,11,COMPSCI7777,97,49,27,58,98,66
6513667,SE,2,COMPSCI2222,91,10,27,74,89,54,COMPSCI7777,74,40,90,45,82,3
4474149,IN,4,COMPSCI3333,33,83,21,50,68,73,COMPSCI8888,96,37,67,10,11,22
1073200,ES,1,COMPSCI4444,33,14,28,60,88,94,COMPSCI8888,96,30,27,74,82,62
6430591,ES,2,COMPSCI4444,78,14,72,76,48,18,COMPSCI8888,90,85,17,28,63,87
9721782,CH,1,COMPSCI3333,89,100,80,84,66,87,COMPSCI8888,51,5,63,87,29,28
3024122,CS,2,COMPSCI2222,27,25,6,82,11,66,COMPSCI8888,89,2,43,79,17,79
2221960,ES,4,COMPSCI4444,40,2,34,75,19,7,COMPSCI7777,42,57,26,92,3,8
7674050,SE,2,COMPSCI1111,80,8,79,5,53,4,COMPSCI8888,59,5,89,98,76,66
6607154,IN,3,COMPSCI1111,12,93,22,54,11,47,COMPSCI6666,40,43,27,52,99,12
9834243,IN,4,COMPSCI3333,17,47,99,52,72,34,COMPSCI5555,57,91,16,5,67,50
4615248,CH,2,COMPSCI4444,80,64,37,59,46,38,COMPSCI8888,95,51,82,35,59,63
5657320,IN,4,COMPSCI1111,7,41,44,23,55,12,COMPSCI6666,24,52,47,86,81,43
2804046,ES,2,COMPSCI4444,33,95,77,15,19,33,COMPSCI8888,9,56,50,41,54,55
7944917,ES,1,COMPSCI4444,72,45,21,11,26,46,COMPSCI7777,51,49,55,76,61,30
1471121,IN,1,COMPSCI1111,99,60,53,64,59,74,COMPSCI8888,32,30,15,37,38,66
9802767,IN,2,COMPSCI2222,23,4,97,28,31,63,COMPSCI8888,2,64,28,20,65,26
6586371,ES,4,COMPSCI3333,98,69,88,29,50,53,COMPSCI7777,39,25,25,98,30,42
5503957,ES,4,COMPSCI3333,87,23,55,96,17,81,COMPSCI8888,44,41,43,86,82,6
4327181,ES,2,COMPSCI1111,85,6,100,49,99,87,COMPSCI7777,10,6,88,62,19,57
3545976,CS,2,COMPSCI4444,18,90,21,72,23,87,COMPSCI8888,11,41,97,65,9,56
3995800,ES,1,COMPSCI4444,56,90,54,5,39,91,COMPSCI8888,3,33,23,4,30,60
8508666,ES,3,COMPSCI3333,16,29,9,67,84,74,COMPSCI7777,44,17,76,55,93,42
3206378,CS,3,COMPSCI3333,59,72,96,74,16,17,COMPSCI7777,9,40,44,60,23,75
4895756,ES,3,COMPSCI4444,9,44,38,71,60,21,COMPSCI7777,25,80,98,57,83,49
7823524,CS,2,COMPSCI2222,93,10,58,55,66,2,COMPSCI8888,78,96,15,91,40,74
2494433,ES,3,COMPSCI1111,35,76,35,15,7,94,COMPSCI6666,84,39,63,42,58,1
3090223,ES,2,COMPSCI2222,27,48,89,92,43,27,COMPSCI8888,84,4,1,79,85,22
2266854,IN,1,COMPSCI4444,53,19,80,89,29,74,COMPSCI7777,97,84,56,25,18,46
2133985,ES,3,COMPSCI4444,64,44,22,12,63,61,COMPSCI7777,64,78,55,8,91,50
2035396,IN,2,COMPSCI4444,3,68,63,71,82,14,COMPSCI8888,63,58,21,48,19,32
7497270,IN,1,COMPSCI4444,90,67,10,77,44,34,COMPSCI8888,56,6,2,92,5,5
1581329,IN,1,COMPSCI1111,76,98,68,100,98,3,COMPSCI8888,43,42,77,76,12,92
2562519,IN,1,COMPSCI3333,14,70,24,55,74,86,COMPSCI6666,8,90,69,66,11,65
5928960,IN,2,COMPSCI4444,61,38,9,63,15,96,COMPSCI7777,32,81,78,9,3,45
1765379,IN,4,COMPSCI4444,54,2,8,92,53,12,COMPSCI8888,49,2,11,46,29,97
5996229,SE,4,COMPSCI1111,91,80,37,62,2,21,COMPSCI8888,99,89,27,56,2,26
2469975,IN,1,COMPSCI3333,20,47,92,77,97,80,COMPSCI5555,47,31,31,23,49,69
2765688,ES,3,COMPSCI4444,45,23,45,74,73,67,COMPSCI8888,72,57,7,80,72,77
9078201,ES,2,COMPSCI1111,40,63,2,19,28,77,COMPSCI7777,87,88,57,44,73,61
1942051,CH,3,COMPSCI1111,58,22,57,90,73,78,COMPSCI8888,86,16,74,93,69,26
1952283,ES,4,COMPSCI1111,68,65,45,95,24,66,COMPSCI8888,45,71,6,19,36,7
8761828,IN,3,COMPSCI3333,74,32,27,87,93,42,COMPSCI8888,58,48,50,12,60,84
8778748,ES,1,COMPSCI1111,18,94,10,43,54,12,COMPSCI7777,64,20,26,79,50,73
1569895,IN,1,COMPSCI4444,37,22,21,19,89,76,COMPSCI8888,68,28,85,60,22,37
9027865,ES,2,COMPSCI2222,32,94,100,52,44,1,COMPSCI8888,78,69,44,88,76,22
7508049,CS,2,COMPSCI4444,68,10,18,74,95,13,COMPSCI8888,24,35,8,85,85,8
4648622,ES,1,COMPSCI4444,52,2,14,32,89,1,COMPSCI8888,95,9,30,43,65,52
1127719,ES,4,COMPSCI2222,81,84,56,15,61,40,COMPSCI8888,94,97,79,84,65,32
4403996,ES,4,COMPSCI3333,82,89,47,54,64,90,COMPSCI7777,72,72,59,21,86,50
8495461,CH,2,COMPSCI4444,2,75,68,46,75,6,COMPSCI8888,22,40,70,14,70,29
7580723,IN,2,COMPSCI4444,91,34,27,35,64,81,COMPSCI8888,7,68,98,90,50,4
1718646,IN,3,COMPSCI4444,95,60,2,12,17,36,COMPSCI7777,54,44,74,43,29,88
9128138,ES,4,COMPSCI3333,59,33,8,57,12,45,COMPSCI8888,30,32,56,98,16,13
3411869,ES,4,COMPSCI4444,41,32,55,59,97,52,COMPSCI5555,1,15,12,6,56,81
7680204,ES,2,COMPSCI4444,6,56,16,51,26,28,COMPSCI8888,91,20,50,64,33,69
3191527,IN,2,COMPSCI3333,34,46,45,53,25,28,COMPSCI8888,53,65,38,68,10,8
8660289,ES,3,COMPSCI2222,48,17,20,36,13,74,COMPSCI8888,71,24,85,76,91,85
9895119,ES,2,COMPSCI3333,52,52,88,33,40,75,COMPSCI7777,45,1,64,74,58,61
7119964,ES,4,COMPSCI1111,51,51,62,17,66,24,COMPSCI8888,98,56,96,92,58,73
6417404,CS,1,COMPSCI3333,37,62,79,29,90,74,COMPSCI7777,59,43,60,96,26,82
6882449,ES,4,COMPSCI4444,37,5,3,51,14,98,COMPSCI7777,19,43,53,16,45,79
5398823,CH,2,COMPSCI2222,20,51,61,70,32,49,COMPSCI8888,81,27,93,66,75,97
6326984,ES,2,COMPSCI4444,93,36,59,24,51,19,COMPSCI8888,67,46,95,10,93,59
4886958,SE,1,COMPSCI4444,22,57,75,50,99,16,COMPSCI8888,46,87,11,17,78,79
2510739,ES,1,COMPSCI4444,3,61,48,84,9,43,COMPSCI8888,44,15,76,49,14,4
8789327,IN,4,COMPSCI1111,35,32,45,35,24,91,COMPSCI7777,54,100,63,68,43,17
7848187,ES,3,COMPSCI4444,42,77,42,31,6,4,COMPSCI8888,72,79,27,39,14,56
3150507,SE,2,COMPSCI4444,32,98,82,8,12,30,COMPSCI8888,54,79,23,40,35,3
4344748,IN,1,COMPSCI4444,44,99,66,34,92,75,COMPSCI8888,23,32,88,57,59,43
1285648,ES,3,COMPSCI4444,13,12,14,19,2,85,COMPSCI8888,21,37,98,80,67,97
6516181,SE,3,COMPSCI3333,50,55,57,90,42,25,COMPSCI8888,42,90,68,39,30,84
7446905,CS,4,COMPSCI4444,63,27,1,25,95,22,COMPSCI8888,47,17,17,53,12,42
6205717,ES,4,COMPSCI4444,61,2,46,17,27,37,COMPSCI8888,40,33,60,53,42,58
7584027,IN,4,COMPSCI4444,38,11,21,59,73,16,COMPSCI7777,97,96,20,37,69,87
1750618,SE,3,COMPSCI4444,22,4,46,46,37,93,COMPSCI8888,23,84,51,61,92,50
8385576,ES,4,COMPSCI1111,61,81,47,71,58,25,COMPSCI8888,11,14,12,98,3,12
1271448,ES,3,COMPSCI3333,80,76,86,86,20,30,COMPSCI8888,61,43,91,14,17,37
1535258,ES,1,COMPSCI4444,90,99,18,14,65,75,COMPSCI8888,99,86,12,38,2,23
6664060,IN,3,COMPSCI4444,86,44,24,57,43,90,COMPSCI8888,60,92,92,14,27,53
5651208,IN,2,COMPSCI3333,13,1,64,43,39,26,COMPSCI7777,84,55,93,76,13,14
3235785,IN,2,COMPSCI1111,37,62,13,2,25,73,COMPSCI8888,76,19,39,66,95,86
3200096,CH,3,COMPSCI2222,40,37,15,84,85,8,COMPSCI8888,29,52,96,50,47,93
5356918,IN,4,COMPSCI2222,80,89,62,87,36,60,COMPSCI8888,54,7,15,80,93,90
8678845,CH,1,COMPSCI4444,18,66,91,31,23,69,COMPSCI7777,73,34,21,78,68,59
8128300,IN,2,COMPSCI3333,74,25,73,71,60,87,COMPSCI7777,36,11,98,43,1,69
3327580,CS,2,COMPSCI1111,91,38,3,88,97,52,COMPSCI8888,6,32,99,50,22,69
4517052,ES,4,COMPSCI3333,7,22,32,46,36,50,COMPSCI7777,39,49,67,36,59,89
2808717,ES,3,COMPSCI4444,33,7,17,97,58,32,COMPSCI7777,81,30,43,67,54,94
7452367,SE,1,COMPSCI4444,94,18,15,89,67,42,COMPSCI7777,29,33,8,25,2,6
9043676,ES,4,COMPSCI2222,88,19,42,59,88,73,COMPSCI8888,1,14,49,29,81,54
6878639,ES,1,COMPSCI1111,35,92,66,62,22,86,COMPSCI6666,77,24,59,8,68,77
9494284,ES,2,COMPSCI1111,64,22,32,83,93,53,COMPSCI8888,63,93,87,56,66,80
7706603,SE,4,COMPSCI2222,81,40,44,9,58,95,COMPSCI7777,41,38,6,41,72,42
4388289,CH,1,COMPSCI3333,11,76,40,54,63,87,COMPSCI8888,52,100,91,95,65,48
5458070,IN,1,COMPSCI3333,15,24,36,1,19,36,COMPSCI7777,91,99,4,69,82,30
7796659,ES,2,COMPSCI2222,13,27,43,6,13,1,COMPSCI7777,57,47,60,91,71,48
8175640,ES,1,COMPSCI4444,25,87,9,7,33,28,COMPSCI7777,90,19,34,93,3,69
4883843,IN,2,COMPSCI3333,33,50,12,78,2,59,COMPSCI5555,89,39,51,62,63,57
6695391,CS,3,COMPSCI2222,12,82,83,9,13,45,COMPSCI8888,16,78,34,53,48,93
1556294,ES,3,COMPSCI4444,76,30,14,20,38,93,COMPSCI8888,20,12,31,98,46,11
2146878,ES,2,COMPSCI3333,79,13,41,39,44,49,COMPSCI7777,38,74,16,26,30,86
9620042,ES,4,COMPSCI4444,39,67,42,50,29,11,COMPSCI6666,25,24,83,19,55,67
8988068,ES,1,COMPSCI1111,22,51,38,3,90,23,COMPSCI7777,81,13,61,79,100,47
8628922,IN,1,COMPSCI4444,45,5,31,56,78,24,COMPSCI8888,77,46,99,54,65,59
5030388,IN,2,COMPSCI4444,21,8,39,36,10,22,COMPSCI8888,54,37,53,64,39,27
7618691,IN,4,COMPSCI4444,97,88,39,17,17,73,COMPSCI8888,88,87,88,88,69,65
8496394,CH,2,COMPSCI3333,100,6,74,71,47,44,COMPSCI6666,79,65,36,6,2,4
4657661,SE,2,COMPSCI3333,63,91,94,41,12,26,COMPSCI5555,36,14,20,76,64,89
7123221,ES,2,COMPSCI4444,57,27,64,88,57,6,COMPSCI8888,17,4,2,25,93,51
8212365,CS,2,COMPSCI4444,61,78,35,40,39,57,COMPSCI6666,41,77,35,10,94,34
5308524,CS,4,COMPSCI4444,39,61,24,51,4,90,COMPSCI7777,44,54,24,95,64,82
4505065,IN,2,COMPSCI3333,99,60,80,22,26,52,COMPSCI5555,66,3,5,12,47,92
4422408,ES,1,COMPSCI4444,51,38,94,29,30,21,COMPSCI8888,67,77,37,21,74,97
2561438,IN,3,COMPSCI4444,63,5,8,62,78,60,COMPSCI8888,76,76,3,71,86,82
6144971,ES,2,COMPSCI3333,50,83,39,19,6,19,COMPSCI8888,94,84,87,66,39,33
9804536,CH,2,COMPSCI3333,92,65,79,28,36,57,COMPSCI8888,21,54,89,7,26,99
8018533,IN,1,COMPSCI4444,77,46,39,58,12,92,COMPSCI6666,75,25,82,44,3,27
8143009,ES,1,COMPSCI4444,78,27,39,25,37,94,COMPSCI7777,9,56,32,6,74,54
7862441,ES,1,COMPSCI4444,95,6,75,74,95,31,COMPSCI8888,95,4,38,76,94,42
4633101,IN,3,COMPSCI2222,31,22,94,39,1,41,COMPSCI7777,9,50,70,7,90,53
5358913,SE,2,COMPSCI4444,71,32,95,96,38,97,COMPSCI8888,47,81,63,94,70,98
9840501,ES,4,COMPSCI4444,45,54,37,43,35,85,COMPSCI6666,81,95,72,29,36,69
6080073,IN,2,COMPSCI3333,78,28,9,95,38,46,COMPSCI8888,15,57,86,59,28,62
4937488,CH,2,COMPSCI4444,3,7,12,92,37,60,COMPSCI5555,77,90,46,81,78,19
3888248,CH,1,COMPSCI1111,18,25,6,14,92,96,COMPSCI6666,50,78,49,80,63,32
5874960,ES,4,COMPSCI2222,66,91,80,47,86,76,COMPSCI7777,93,47,6,4,47,16
6721369,ES,4,COMPSCI2222,64,13,67,4,60,1,COMPSCI8888,15,66,82,96,52,81
1869861,CH,2,COMPSCI3333,6,2,31,64,68,80,COMPSCI8888,22,37,1,32,56,50
1800122,SE,2,COMPSCI3333,66,85,76,55,43,58,COMPSCI7777,92,63,60,88,11,60
1908795,ES,3,COMPSCI3333,90,98,30,84,95,13,COMPSCI6666,76,6,72,76,79,17
1272522,ES,2,COMPSCI2222,91,17,88,68,95,5,COMPSCI7777,79,78,54,94,32,28
3177612,IN,1,COMPSCI3333,60,5,2,11,16,41,COMPSCI8888,52,33,6,10,55,1
2548931,ES,4,COMPSCI1111,49,22,48,73,78,90,COMPSCI7777,22,76,15,83,77,17
5061508,CH,2,COMPSCI1111,80,7,13,43,43,25,COMPSCI7777,56,96,48,31,26,93
1781280,CS,3,COMPSCI2222,15,71,15,16,22,100,COMPSCI7777,7,21,37,79,34,75
4400251,ES,1,COMPSCI1111,90,64,36,48,92,52,COMPSCI8888,75,16,84,97,4,42
8856070,ES,1,COMPSCI2222,80,86,60,12,34,69,COMPSCI7777,44,22,14,34,61,16
5891407,IN,3,COMPSCI3333,38,36,89,44,67,37,COMPSCI8888,70,48,73,76,90,94
6973490,CH,1,COMPSCI4444,67,6,23,97,96,80,COMPSCI5555,72,41,43,57,16,26
8936285,IN,4,COMPSCI3333,53,28,29,78,48,84,COMPSCI6666,24,14,3,49,35,90
2333603,IN,2,COMPSCI2222,3,14,11,93,46,8,COMPSCI7777,76,94,47,25,43,51
6299082,CH,1,COMPSCI1111,70,63,72,26,56,58,COMPSCI7777,64,31,54,26,71,23
4404643,IN,2,COMPSCI2222,55,80,18,48,65,48,COMPSCI7777,59,26,74,5,73,7
7971005,IN,1,COMPSCI4444,25,67,60,69,2,10,COMPSCI5555,59,59,33,90,21,83
5650691,IN,3,COMPSCI4444,15,61,21,24,23,48,COMPSCI8888,55,26,86,6,17,16
3789745,IN,2,COMPSCI4444,55,92,96,53,100,67,COMPSCI7777,86,65,1,40,7,92
6317459,CH,2,COMPSCI2222,53,4,78,44,92,72,COMPSCI5555,80,67,41,88,100,41
4886983,ES,4,COMPSCI4444,30,100,53,1,50,86,COMPSCI7777,68,62,53,74,27,81
3173092,ES,1,COMPSCI1111,54,87,87,52,42,62,COMPSCI8888,23,88,39,70,30,64
7159134,ES,2,COMPSCI4444,2,74,51,96,29,28,COMPSCI8888,44,62,96,11,82,88
5302428,CH,1,COMPSCI3333,84,54,29,22,39,28,COMPSCI6666,47,73,46,6,45,94
8254120,IN,2,COMPSCI4444,62,65,18,43,51,61,COMPSCI8888,1,86,89,37,66,87
6861987,IN,1,COMPSCI4444,9,44,53,64,6,33,COMPSCI8888,22,11,60,49,37,27
9156403,ES,2,COMPSCI2222,63,5,37,72,51,84,COMPSCI8888,73,16,100,42,64,33
5225013,ES,2,COMPSCI4444,31,7,76,16,4,66,COMPSCI7777,75,50,75,63,25,67
4432058,ES,3,COMPSCI4444,67,67,82,8,33,16,COMPSCI7777,89,90,90,13,9,5
8285763,IN,4,COMPSCI1111,7,8,60,17,37,21,COMPSCI5555,5,50,65,62,40,59
1963249,IN,2,COMPSCI4444,32,96,76,52,17,57,COMPSCI6666,79,44,15,3,63,45
4570929,CH,2,COMPSCI1111,37,91,71,46,40,25,COMPSCI8888,11,69,33,98,7,84
4991494,ES,4,COMPSCI2222,18,12,8,51,45,20,COMPSCI8888,9,27,96,39,61,78
2556261,IN,2,COMPSCI4444,78,68,91,94,60,8,COMPSCI6666,90,10,61,28,22,81
9687900,SE,2,COMPSCI4444,85,88,24,5,70,6,COMPSCI5555,42,27,38,48,33,7
1021218,ES,1,COMPSCI4444,43,61,36,10,8,84,COMPSCI8888,27,61,67,68,33,73
6912108,ES,4,COMPSCI4444,90,99,37,73,99,67,COMPSCI8888,82,87,86,43,95,15
6732677,IN,1,COMPSCI4444,36,18,64,94,78,55,COMPSCI8888,3,52,98,67,85,55
1957155,IN,2,COMPSCI3333,28,55,95,12,81,100,COMPSCI8888,65,82,83,57,6,53
9437030,CS,4,COMPSCI3333,77,95,95,85,17,81,COMPSCI5555,36,50,60,58,74,18
2310623,IN,1,COMPSCI3333,43,51,22,40,96,22,COMPSCI6666,39,17,32,95,12,20
4169006,IN,2,COMPSCI4444,94,85,68,46,77,78,COMPSCI8888,72,89,92,29,25,38
3441401,IN,2,COMPSCI4444,36,15,63,22,7,71,COMPSCI6666,24,32,18,36,47,96
9760848,ES,1,COMPSCI4444,76,64,18,1,56,66,COMPSCI7777,23,43,1,23,70,19
6691527,ES,2,COMPSCI4444,88,25,82,84,83,72,COMPSCI8888,100,52,46,41,31,43
3289666,ES,1,COMPSCI4444,86,18,88,86,43,58,COMPSCI8888,10,89,76,92,53,49
6448878,ES,4,COMPSCI4444,4,38,73,11,85,97,COMPSCI8888,3,60,7,92,49,84
4300287,ES,1,COMPSCI3333,94,40,1,3,56,1,COMPSCI7777,55,10,54,91,27,16
5837087,CS,1,COMPSCI4444,72,12,68,4,8,8,COMPSCI7777,52,3,18,98,71,79
9990583,ES,2,COMPSCI3333,36,62,79,76,86,42,COMPSCI8888,74,33,64,13,69,66
8380331,SE,4,COMPSCI3333,42,94,25,16,51,33,COMPSCI7777,96,99,26,84,49,49
2725822,ES,3,COMPSCI3333,50,92,27,57,10,23,COMPSCI8888,7,38,19,2,25,46
2423463,ES,2,COMPSCI1111,49,8,68,11,43,50,COMPSCI7777,82,12,85,5,48,25
5571930,IN,2,COMPSCI4444,1,5,75,40,95,80,COMPSCI8888,89,39,80,34,76,30
7552668,SE,2,COMPSCI4444,71,99,11,59,51,35,COMPSCI8888,45,42,14,49,1,41
6575030,IN,2,COMPSCI4444,94,34,49,51,62,75,COMPSCI7777,85,86,25,27,60,18
1072029,SE,3,COMPSCI4444,10,46,37,51,90,25,COMPSCI8888,98,62,37,35,97,10
4750010,IN,2,COMPSCI2222,82,88,99,2,95,99,COMPSCI8888,79,87,26,59,50,60
6380936,IN,4,COMPSCI4444,35,69,87,58,43,13,COMPSCI8888,96,77,73,87,71,26
2302691,CS,4,COMPSCI4444,22,62,40,15,15,56,COMPSCI7777,41,68,74,98,99,66
6966326,IN,3,COMPSCI4444,96,65,33,90,88,43,COMPSCI8888,21,20,2,38,4,4
4272332,IN,3,COMPSCI2222,96,52,61,45,84,8,COMPSCI7777,57,10,69,74,5,11
7670820,CS,2,COMPSCI2222,78,78,96,100,93,56,COMPSCI8888,19,92,58,14,38,83
5516466,ES,2,COMPSCI1111,58,25,65,85,72,36,COMPSCI6666,37,24,25,94,50,68
6791612,ES,2,COMPSCI4444,48,65,48,73,64,3,COMPSCI7777,34,18,77,87,24,85
2643781,SE,4,COMPSCI2222,88,65,21,67,34,99,COMPSCI8888,73,97,31,14,35,18
7742019,IN,3,COMPSCI4444,4,97,3,39,85,82,COMPSCI8888,8,57,62,47,93,17
9324887,SE,1,COMPSCI1111,12,64,37,67,74,77,COMPSCI8888,93,52,81,64,33,89
2655979,CH,1,COMPSCI1111,57,43,93,21,84,65,COMPSCI7777,38,65,84,20,39,100
7256159,IN,3,COMPSCI1111,2,42,93,100,95,52,COMPSCI8888,67,60,79,13,34,37
3491451,ES,1,COMPSCI4444,84,1,97,48,36,24,COMPSCI8888,87,12,65,30,29,51
5536948,IN,1,COMPSCI3333,89,31,26,56,89,50,COMPSCI8888,27,59,100,31,33,29
5060880,SE,1,COMPSCI4444,90,2,3,100,3,9,COMPSCI8888,13,12,42,76,77,32
5174674,CH,1,COMPSCI4444,11,81,24,2,53,33,COMPSCI6666,30,88,31,72,7,64
6885691,CH,4,COMPSCI4444,24,86,71,72,57,31,COMPSCI5555,65,8,97,52,2,80
3262967,IN,4,COMPSCI3333,99,10,36,69,42,37,COMPSCI6666,21,78,93,40,19,41
2365032,ES,4,COMPSCI3333,64,51,96,3,88,36,COMPSCI5555,42,53,90,74,8,99
6973004,ES,2,COMPSCI3333,90,56,57,86,29,41,COMPSCI8888,4,78,62,4,88,96
8103444,CS,1,COMPSCI3333,93,45,57,70,97,23,COMPSCI5555,45,80,61,65,88,45
2826770,IN,2,COMPSCI2222,100,28,43,77,2,86,COMPSCI5555,72,25,87,79,90,91
7868250,CS,2,COMPSCI3333,100,81,78,45,31,42,COMPSCI8888,52,13,42,24,2,32
4310148,ES,2,COMPSCI4444,97,30,43,63,51,44,COMPSCI6666,65,88,57,62,33,5
5621782,IN,2,COMPSCI4444,96,48,35,31,61,65,COMPSCI8888,16,26,26,30,26,11
3436799,ES,1,COMPSCI3333,59,73,54,91,38,94,COMPSCI8888,75,68,49,11,2,8
8486887,ES,4,COMPSCI4444,3,39,2,89,13,11,COMPSCI8888,18,92,100,87,41,61
1515381,ES,4,COMPSCI3333,48,94,80,12,85,42,COMPSCI8888,85,84,51,94,23,60
7750641,IN,1,COMPSCI3333,3,8,3,24,34,91,COMPSCI7777,17,2,21,76,6,84
4393597,ES,4,COMPSCI4444,99,59,19,48,92,98,COMPSCI8888,3,83,39,100,89,70
1014590,ES,4,COMPSCI4444,42,46,13,70,97,34,COMPSCI8888,31,51,65,47,76,34
1656462,CH,1,COMPSCI4444,20,6,44,33,46,20,COMPSCI8888,60,15,66,76,35,3
2826348,ES,1,COMPSCI4444,100,52,11,78,35,91,COMPSCI5555,1,88,14,38,63,71
9570301,IN,1,COMPSCI4444,17,29,21,18,100,12,COMPSCI7777,6,63,95,84,14,11
3580273,CS,3,COMPSCI4444,73,45,61,21,14,45,COMPSCI7777,95,50,64,79,35,7
4425933,CH,1,COMPSCI4444,39,24,72,80,98,68,COMPSCI5555,64,85,57,91,59,42
3304433,IN,1,COMPSCI3333,94,88,75,89,91,52,COMPSCI8888,87,15,73,93,62,99
8216716,ES,1,COMPSCI1111,75,62,1,97,38,92,COMPSCI8888,35,23,83,22,68,86
2963287,IN,1,COMPSCI3333,1,4,39,14,51,88,COMPSCI8888,95,49,58,8,54,77
1552023,ES,1,COMPSCI3333,21,43,67,86,47,58,COMPSCI8888,68,52,47,42,71,14
5506607,IN,1,COMPSCI4444,22,13,34,19,15,76,COMPSCI8888,41,19,44,66,20,82
1788561,IN,2,COMPSCI2222,51,51,53,19,18,33,COMPSCI8888,98,2,65,12,46,50
7788735,IN,2,COMPSCI4444,85,41,13,37,43,91,COMPSCI7777,86,5,77,33,74,27
1417638,IN,1,COMPSCI4444,82,25,100,1,81,4,COMPSCI7777,48,54,88,3,55,26
3735492,ES,2,COMPSCI4444,72,4,20,77,75,64,COMPSCI8888,57,93,59,60,29,6
1276381,SE,3,COMPSCI4444,59,33,59,68,98,47,COMPSCI7777,6,2,100,54,99,99
9875821,ES,1,COMPSCI3333,85,10,58,77,74,59,COMPSCI6666,17,74,98,49,17,7
6148270,ES,3,COMPSCI4444,87,60,51,6,37,32,COMPSCI7777,90,25,52,41,61,80
4938680,ES,1,COMPSCI3333,83,77,66,24,28,26,COMPSCI5555,7,7,97,42,3,7
3146692,ES,2,COMPSCI4444,37,52,56,78,36,30,COMPSCI8888,79,74,52,50,100,16
4659684,IN,3,COMPSCI4444,86,24,43,89,89,97,COMPSCI6666,5,41,24,31,22,6
2510949,ES,4,COMPSCI3333,67,22,88,42,59,73,COMPSCI8888,31,39,94,57,100,93
2035177,ES,1,COMPSCI4444,75,50,55,12,77,21,COMPSCI8888,70,32,15,9,10,56
7598369,CH,2,COMPSCI4444,67,34,76,33,75,17,COMPSCI6666,89,76,30,83,22,83
6899074,IN,1,COMPSCI3333,69,80,51,81,45,26,COMPSCI8888,43,87,22,31,14,92
1844733,IN,2,COMPSCI4444,1,59,43,74,61,25,COMPSCI8888,95,5,35,100,79,67
9689134,ES,4,COMPSCI4444,76,31,29,50,2,52,COMPSCI8888,77,48,56,1,65,60
1544337,CH,4,COMPSCI4444,69,63,12,22,70,55,COMPSCI7777,73,69,42,81,98,23
9244546,ES,4,COMPSCI1111,12,73,69,6,92,26,COMPSCI6666,24,88,9,95,81,20
8798141,ES,4,COMPSCI4444,15,25,83,92,65,10,COMPSCI7777,66,67,3,99,33,20
1775562,ES,1,COMPSCI4444,47,59,5,17,55,97,COMPSCI7777,28,88,43,88,96,13
6570507,CH,4,COMPSCI3333,29,51,97,83,5,14,COMPSCI7777,41,45,13,86,33,55
5266448,ES,2,COMPSCI4444,55,20,30,39,76,24,COMPSCI8888,77,72,62,98,98,23
6907651,ES,3,COMPSCI3333,24,97,98,14,71,84,COMPSCI6666,32,47,8,3,24,34
4103368,IN,4,COMPSCI3333,72,40,12,47,32,64,COMPSCI8888,64,2,24,38,75,94
3561190,ES,3,COMPSCI2222,92,89,34,53,60,56,COMPSCI5555,77,34,83,41,30,41
6992241,ES,2,COMPSCI4444,46,48,64,37,95,76,COMPSCI7777,63,59,93,43,1,16
6954986,CH,4,COMPSCI1111,38,2,45,57,10,99,COMPSCI8888,67,99,34,8,19,98
9710596,IN,2,COMPSCI2222,37,66,61,20,85,18,COMPSCI8888,29,71,62,63,90,80
2647074,IN,3,COMPSCI2222,19,4,63,22,7,72,COMPSCI7777,85,99,22,85,40,25
3367198,IN,4,COMPSCI2222,16,63,25,79,51,75,COMPSCI8888,44,42,82,58,24,29
2422790,ES,3,COMPSCI4444,19,28,69,83,42,84,COMPSCI8888,69,40,16,94,36,3
5650315,ES,3,COMPSCI2222,5,82,49,46,76,18,COMPSCI7777,14,70,46,94,21,69
1234489,CH,3,COMPSCI1111,31,92,63,82,74,95,COMPSCI7777,98,1,51,81,24,24
1683949,ES,1,COMPSCI4444,22,57,89,17,27,31,COMPSCI7777,76,96,4,100,62,81
1214437,CH,4,COMPSCI4444,4,98,40,38,9,86,COMPSCI5555,18,96,40,26,92,85
8381885,CS,3,COMPSCI4444,55,16,38,48,38,5,COMPSCI8888,98,10,85,26,30,60
2773063,IN,2,COMPSCI3333,61,72,37,3,88,64,COMPSCI6666,95,33,64,79,29,5
3277044,ES,3,COMPSCI3333,59,63,76,85,31,86,COMPSCI8888,29,64,30,57,52,78
3660318,ES,1,COMPSCI3333,63,40,31,3,8,61,COMPSCI8888,86,3,26,34,68,76
8504337,ES,3,COMPSCI1111,43,11,60,85,20,88,COMPSCI7777,15,34,18,91,36,67
6420931,ES,2,COMPSCI3333,4,93,2,23,53,25,COMPSCI8888,29,8,17,88,64,6
4369304,IN,1,COMPSCI1111,35,35,63,75,64,6,COMPSCI8888,1,76,25,24,26,73
1786625,CS,4,COMPSCI1111,32,82,45,23,88,7,COMPSCI5555,42,25,38,18,77,28
3190281,CH,4,COMPSCI3333,20,12,83,99,86,97,COMPSCI8888,43,74,3,62,52,61
9054177,IN,3,COMPSCI4444,42,55,2,25,98,37,COMPSCI8888,97,3,38,60,72,89
5865511,CS,4,COMPSCI1111,8,80,66,26,88,89,COMPSCI5555,21,7,5,56,46,29
9685262,SE,4,COMPSCI4444,15,89,7,57,78,65,COMPSCI7777,65,12,54,84,61,13
8798305,ES,2,COMPSCI1111,79,52,74,84,80,35,COMPSCI8888,17,20,42,11,34,19
1418055,IN,2,COMPSCI3333,97,35,10,34,18,53,COMPSCI7777,33,9,69,68,45,68
6144516,IN,3,COMPSCI3333,58,97,91,58,14,92,COMPSCI8888,47,18,42,11,4,46
4018538,ES,2,COMPSCI4444,43,77,11,53,84,63,COMPSCI8888,8,1,87,27,72,87
8262453,ES,4,COMPSCI4444,35,43,30,47,11,7,COMPSCI8888,5,97,28,27,66,5
3857979,ES,1,COMPSCI4444,54,97,31,46,13,56,COMPSCI6666,84,90,53,32,33,72
3973014,CH,2,COMPSCI3333,54,78,85,94,7,21,COMPSCI6666,86,58,82,50,44,57
3696817,IN,1,COMPSCI4444,56,83,5,29,27,8,COMPSCI8888,66,47,49,58,13,25
2335750,CH,2,COMPSCI4444,92,92,19,66,42,10,COMPSCI6666,95,2,76,84,82,2
3473460,ES,4,COMPSCI3333,13,16,81,56,62,81,COMPSCI8888,81,44,13,52,99,97
4016833,IN,1,COMPSCI2222,16,80,3,96,31,13,COMPSCI7777,3,10,80,61,83,71
3236950,ES,4,COMPSCI3333,91,1,17,62,17,53,COMPSCI8888,27,100,62,86,96,97
7032613,CS,3,COMPSCI4444,48,74,13,65,96,15,COMPSCI8888,4,94,87,10,5,83
2360293,IN,3,COMPSCI1111,8,26,43,53,66,73,COMPSCI8888,76,63,6,96,54,45
2284317,CH,1,COMPSCI3333,70,81,9,64,34,53,COMPSCI7777,94,34,93,96,20,32
5139652,ES,4,COMPSCI1111,91,13,11,90,74,63,COMPSCI7777,80,17,45,73,10,56
2299698,IN,4,COMPSCI1111,59,11,66,43,56,80,COMPSCI8888,24,1,1,88,17,2
7543856,ES,4,COMPSCI3333,31,17,86,93,28,6,COMPSCI6666,97,86,8,2,99,27
9063055,IN,2,COMPSCI4444,53,45,44,32,5,94,COMPSCI6666,85,93,91,24,49,10
7397070,IN,4,COMPSCI3333,72,65,61,22,34,83,COMPSCI8888,14,48,81,68,6,23
4638391,CH,4,COMPSCI4444,20,87,42,57,80,81,COMPSCI8888,94,4,6,66,93,99
3106563,ES,1,COMPSCI2222,89,86,60,86,23,6,COMPSCI8888,32,40,53,43,82,57
1789121,ES,3,COMPSCI4444,2,66,32,77,19,33,COMPSCI8888,77,53,67,70,53,28
1073107,IN,2,COMPSCI4444,62,9,25,82,29,12,COMPSCI6666,17,5,35,16,86,88
2618892,ES,3,COMPSCI4444,69,23,18,3,36,22,COMPSCI8888,22,86,26,1,88,100
8561898,ES,3,COMPSCI3333,81,7,10,41,39,1,COMPSCI7777,90,19,13,59,11,13
6202626,CS,4,COMPSCI4444,10,14,9,26,71,95,COMPSCI7777,12,3,60,75,83,65
9772995,ES,3,COMPSCI3333,27,1,72,17,27,27,COMPSCI5555,45,31,55,51,58,25
1348333,ES,2,COMPSCI4444,13,81,76,12,61,21,COMPSCI6666,34,94,49,63,29,47
1391333,IN,1,COMPSCI3333,21,99,14,8,74,4,COMPSCI8888,45,92,96,81,74,10
8295040,IN,4,COMPSCI2222,76,81,33,61,74,33,COMPSCI8888,97,56,45,11,7,97
4893439,ES,2,COMPSCI1111,77,14,49,95,4,37,COMPSCI8888,97,51,86,34,42,58
7277828,ES,1,COMPSCI1111,4,72,77,71,9,54,COMPSCI8888,20,26,54,80,6,26
8781581,ES,1,COMPSCI4444,96,77,25,9,54,67,COMPSCI8888,39,8,37,36,59,53
9896540,IN,4,COMPSCI4444,11,50,16,5,76,68,COMPSCI5555,59,41,26,87,99,1
8504542,ES,1,COMPSCI4444,51,54,45,65,36,76,COMPSCI5555,40,28,76,59,18,9
2168655,SE,2,COMPSCI4444,82,71,30,63,61,24,COMPSCI8888,55,57,98,7,47,43
4403983,IN,2,COMPSCI4444,47,76,81,89,48,22,COMPSCI8888,82,5,20,89,7,96
7860940,CH,2,COMPSCI1111,32,3,69,26,80,57,COMPSCI7777,92,95,73,39,64,3
2311898,ES,2,COMPSCI2222,75,47,37,39,57,61,COMPSCI8888,70,63,58,24,50,81
2075207,ES,2,COMPSCI4444,75,13,91,87,3,49,COMPSCI6666,46,36,31,34,44,78
6759539,ES,4,COMPSCI4444,31,82,87,25,74,95,COMPSCI8888,7,36,74,11,61,10
1987146,IN,3,COMPSCI1111,24,17,51,97,73,43,COMPSCI6666,29,21,30,82,28,54
2171854,ES,4,COMPSCI3333,55,64,70,46,73,14,COMPSCI8888,5,87,24,21,83,48
3950638,IN,4,COMPSCI3333,25,50,73,16,10,27,COMPSCI8888,72,3,80,7,96,64
5689599,ES,2,COMPSCI4444,49,7,80,73,32,71,COMPSCI8888,74,49,51,74,58,73
5839956,IN,2,COMPSCI4444,40,23,50,94,4,36,COMPSCI8888,94,83,15,66,45,90
1929099,ES,3,COMPSCI4444,65,79,83,13,31,44,COMPSCI8888,11,86,46,87,57,10
5545661,IN,2,COMPSCI4444,23,17,11,95,51,46,COMPSCI8888,91,38,46,8,11,76
5189192,CH,4,COMPSCI4444,19,71,34,69,39,64,COMPSCI7777,37,77,12,90,99,76
8370061,ES,1,COMPSCI1111,16,19,59,31,76,37,COMPSCI6666,63,91,65,20,9,60
6469323,SE,3,COMPSCI3333,52,33,91,3,48,96,COMPSCI7777,40,15,13,24,65,35
1584190,ES,3,COMPSCI4444,72,97,47,98,58,26,COMPSCI8888,27,80,32,75,34,98
1915398,ES,4,COMPSCI2222,2,40,47,56,89,18,COMPSCI8888,91,3,11,89,24,63
8151627,IN,4,COMPSCI4444,45,69,11,46,80,23,COMPSCI7777,36,95,13,77,5,82
4732288,CH,3,COMPSCI4444,92,72,70,21,66,62,COMPSCI8888,35,49,16,89,82,70
7067328,ES,2,COMPSCI4444,77,47,23,17,30,57,COMPSCI8888,62,48,27,57,22,39
8666023,IN,3,COMPSCI4444,88,2,88,58,67,39,COMPSCI8888,17,39,100,12,71,91
6332090,IN,3,COMPSCI4444,76,43,98,85,82,70,COMPSCI8888,78,33,72,31,88,22
6775392,CH,1,COMPSCI4444,43,82,29,80,2,50,COMPSCI8888,44,99,58,39,4,70
3305324,IN,4,COMPSCI3333,20,65,12,37,38,5,COMPSCI8888,61,17,92,22,39,30
3174245,CH,1,COMPSCI2222,23,84,19,3,60,17,COMPSCI6666,86,73,45,62,16,77
2463781,ES,3,COMPSCI2222,91,17,51,62,44,61,COMPSCI7777,2,62,37,17,25,89
1338009,CH,4,COMPSCI1111,25,69,77,33,70,87,COMPSCI7777,93,50,36,33,42,37
4965318,ES,3,COMPSCI1111,91,74,22,8,35,98,COMPSCI8888,65,10,22,75,19,90
4426884,ES,1,COMPSCI4444,89,63,14,34,6,21,COMPSCI7777,52,63,12,23,57,18
3778916,ES,2,COMPSCI3333,40,45,12,63,2,82,COMPSCI8888,2,25,37,53,25,58
4170208,IN,2,COMPSCI4444,78,43,36,33,91,3,COMPSCI8888,84,16,58,6,72,30
8885338,CS,3,COMPSCI1111,82,37,70,70,87,52,COMPSCI6666,20,36,19,35,4,2
8705579,ES,2,COMPSCI4444,2,46,9,20,23,58,COMPSCI8888,21,45,29,73,29,33
1895133,SE,4,COMPSCI2222,45,60,51,40,26,52,COMPSCI5555,49,10,76,5,57,35
4612483,CS,2,COMPSCI4444,78,53,48,69,26,82,COMPSCI8888,54,28,44,16,33,96
6786783,SE,2,COMPSCI4444,55,100,77,31,43,91,COMPSCI8888,41,15,33,83,69,11
9808885,ES,4,COMPSCI4444,27,61,56,60,92,95,COMPSCI8888,89,90,11,21,95,69
5957784,ES,4,COMPSCI4444,39,49,3,25,52,17,COMPSCI7777,47,49,4,35,99,21
4739770,IN,2,COMPSCI4444,18,26,86,14,94,73,COMPSCI8888,5,8,54,80,62,28
6886789,CH,4,COMPSCI2222,81,98,53,88,7,85,COMPSCI6666,18,100,72,37,91,67
6307819,IN,1,COMPSCI3333,82,88,59,76,55,45,COMPSCI8888,59,76,68,3,17,52
4220911,ES,2,COMPSCI4444,9,17,7,30,69,14,COMPSCI8888,47,10,79,45,50,100
9541719,ES,4,COMPSCI4444,11,96,89,68,12,69,COMPSCI8888,80,22,93,90,10,68
5522238,CS,1,COMPSCI4444,1,83,32,84,71,3,COMPSCI7777,71,86,94,44,80,37
4758768,IN,1,COMPSCI4444,85,22,78,76,67,62,COMPSCI8888,98,49,78,25,77,36
1926262,ES,1,COMPSCI2222,28,40,54,63,15,14,COMPSCI8888,26,10,50,1,71,68
1862870,ES,2,COMPSCI4444,70,46,57,96,73,13,COMPSCI7777,48,66,22,31,60,45
6467736,CH,3,COMPSCI1111,99,96,25,31,61,59,COMPSCI8888,24,31,68,52,31,41
9808886,SE,2,COMPSCI4444,15,60,86,44,15,20,COMPSCI5555,24,89,4,16,4,97
2028501,CS,2,COMPSCI3333,3,19,43,66,89,17,COMPSCI5555,83,18,13,27,34,59
2799378,CH,4,COMPSCI2222,72,25,53,72,51,66,COMPSCI8888,20,7,95,26,71,54
8727896,CH,4,COMPSCI4444,53,66,24,82,36,20,COMPSCI8888,11,8,64,82,82,63
6351046,CS,1,COMPSCI3333,79,41,40,13,67,83,COMPSCI7777,2,24,5,41,19,14
2313081,ES,4,COMPSCI4444,76,58,22,54,87,1,COMPSCI8888,11,64,48,16,98,66
6633540,ES,2,COMPSCI4444,72,4,89,83,3,32,COMPSCI6666,66,80,72,10,64,26
9734619,IN,3,COMPSCI4444,70,78,61,45,21,77,COMPSCI8888,79,50,11,35,67,64
3274156,CS,2,COMPSCI2222,93,57,24,30,43,55,COMPSCI8888,92,98,17,70,80,55
7411118,IN,4,COMPSCI4444,43,68,24,20,93,89,COMPSCI7777,34,33,53,44,47,46
8591854,IN,1,COMPSCI4444,35,23,55,13,92,11,COMPSCI6666,18,45,96,83,29,81
1691539,ES,1,COMPSCI4444,9,19,65,91,31,18,COMPSCI8888,8,95,78,83,14,76
8702168,CS,3,COMPSCI3333,89,25,93,24,13,54,COMPSCI6666,50,4,36,56,6,93
8384308,CS,1,COMPSCI1111,73,90,91,70,4,82,COMPSCI6666,44,9,89,28,63,30
4070147,ES,2,COMPSCI2222,46,90,88,86,70,86,COMPSCI6666,39,85,99,11,37,76
3814434,ES,2,COMPSCI4444,62,5,17,90,71,15,COMPSCI8888,3,19,39,37,27,90
7889649,ES,2,COMPSCI3333,21,93,91,98,82,20,COMPSCI8888,53,12,35,75,8,98
7465777,ES,2,COMPSCI4444,1,28,92,76,43,15,COMPSCI6666,7,41,63,93,49,58
9637472,CH,2,COMPSCI4444,20,46,69,78,69,11,COMPSCI8888,7,96,10,7,97,77
8082659,CS,1,COMPSCI3333,48,21,68,97,90,74,COMPSCI8888,37,19,89,39,15,52
9832029,ES,4,COMPSCI4444,63,40,98,75,56,31,COMPSCI6666,13,8,43,85,21,61
1927684,IN,2,COMPSCI4444,55,85,22,51,77,22,COMPSCI8888,34,42,15,15,66,33
5106793,ES,2,COMPSCI4444,33,99,17,29,79,94,COMPSCI7777,78,90,92,8,77,25
6112260,ES,2,COMPSCI4444,74,5,88,76,8,14,COMPSCI5555,21,77,62,96,48,23
7438288,SE,1,COMPSCI4444,1,33,23,74,64,11,COMPSCI5555,66,16,66,63,80,43
7179571,ES,1,COMPSCI3333,48,89,60,11,74,33,COMPSCI8888,33,69,59,54,43,32
6353625,ES,4,COMPSCI1111,52,56,36,82,30,29,COMPSCI5555,23,95,51,71,14,83
5388830,CH,1,COMPSCI4444,2,28,36,35,29,63,COMPSCI7777,88,10,25,70,75,3
2218108,ES,2,COMPSCI2222,63,73,17,12,96,41,COMPSCI7777,51,65,96,52,52,26
3346688,IN,2,COMPSCI3333,72,46,66,32,27,24,COMPSCI8888,31,1,11,9,11,37
1290398,CH,4,COMPSCI3333,7,21,100,89,27,27,COMPSCI8888,74,82,34,49,87,75
3650416,IN,1,COMPSCI2222,39,84,28,59,75,26,COMPSCI7777,33,5,18,18,3,70
7810892,IN,2,COMPSCI3333,51,1,95,73,5,27,COMPSCI5555,41,39,1,31,71,35
7289329,IN,3,COMPSCI4444,94,13,60,18,46,31,COMPSCI8888,57,19,60,37,55,63
6619126,ES,2,COMPSCI3333,12,36,73,59,94,82,COMPSCI8888,26,70,50,11,33,48
5549408,ES,2,COMPSCI4444,97,97,5,37,69,16,COMPSCI8888,96,49,21,97,15,43
7188230,IN,4,COMPSCI4444,100,26,32,92,68,52,COMPSCI7777,84,68,41,91,69,49
5968334,CS,3,COMPSCI2222,83,89,83,34,27,87,COMPSCI5555,40,53,26,78,74,41
3636207,SE,2,COMPSCI3333,76,14,11,57,87,56,COMPSCI5555,9,71,48,83,72,34
4328989,CH,4,COMPSCI1111,94,32,36,23,21,43,COMPSCI8888,21,21,74,7,83,63
2095965,CH,4,COMPSCI4444,70,56,53,44,60,55,COMPSCI8888,21,38,36,6,32,99
7257259,ES,1,COMPSCI1111,51,74,84,52,29,15,COMPSCI7777,19,18,34,57,50,41
2158496,SE,1,COMPSCI4444,12,14,32,10,12,61,COMPSCI7777,28,61,97,96,26,26
3816904,ES,2,COMPSCI4444,21,34,85,94,69,94,COMPSCI7777,41,42,75,60,45,18
9582155,ES,3,COMPSCI4444,90,54,85,51,50,69,COMPSCI8888,95,40,51,7,4,65
6480441,CH,2,COMPSCI4444,43,45,76,24,91,100,COMPSCI7777,12,91,51,96,84,5
1574242,ES,3,COMPSCI1111,60,47,25,25,67,11,COMPSCI5555,22,3,75,1,55,38
3852924,IN,1,COMPSCI3333,50,63,13,16,57,41,COMPSCI8888,95,57,5,74,47,42
2481575,CS,2,COMPSCI2222,50,84,60,8,12,68,COMPSCI5555,88,38,2,99,47,20
6703845,IN,3,COMPSCI3333,79,16,94,21,66,53,COMPSCI7777,3,18,88,60,11,9
6436977,CH,4,COMPSCI2222,34,51,75,61,84,5,COMPSCI8888,45,1,30,23,14,98
6131142,CH,3,COMPSCI4444,55,85,15,34,57,22,COMPSCI8888,1,61,25,65,49,79
1289447,IN,2,COMPSCI1111,54,50,24,39,96,24,COMPSCI8888,39,24,41,6,94,89
5018234,CH,4,COMPSCI4444,31,80,99,16,84,89,COMPSCI8888,81,11,75,34,73,99
9750448,IN,1,COMPSCI4444,84,23,19,95,16,85,COMPSCI8888,97,52,68,97,43,11
1395699,IN,3,COMPSCI4444,98,84,45,66,51,48,COMPSCI8888,55,91,50,66,61,95
8640046,ES,4,COMPSCI4444,56,10,87,37,54,87,COMPSCI6666,35,42,3,69,2,77
7616444,SE,3,COMPSCI4444,24,56,24,58,91,12,COMPSCI8888,76,38,33,54,58,65
1043968,ES,1,COMPSCI4444,52,99,10,92,33,17,COMPSCI8888,46,34,18,8,94,26
2569146,ES,2,COMPSCI4444,91,47,47,41,11,20,COMPSCI5555,9,21,36,40,42,74
4886716,IN,1,COMPSCI2222,7,69,80,82,87,37,COMPSCI7777,40,48,60,46,43,56
7993679,CH,1,COMPSCI4444,10,24,34,51,40,15,COMPSCI5555,28,9,90,32,2,17
8315100,IN,2,COMPSCI4444,81,95,81,61,80,51,COMPSCI8888,49,49,5,94,81,73
6071881,ES,2,COMPSCI4444,82,31,43,36,6,50,COMPSCI8888,64,56,33,85,99,70
7884887,IN,2,COMPSCI4444,5,44,86,16,53,17,COMPSCI8888,19,3,88,24,74,99
2651972,IN,2,COMPSCI4444,62,4,74,43,4,88,COMPSCI7777,39,32,82,64,35,12
1821399,ES,4,COMPSCI4444,99,66,20,98,49,21,COMPSCI7777,22,17,50,88,12,56
7676841,IN,1,COMPSCI4444,89,49,64,85,41,93,COMPSCI8888,8,3,40,83,97,49
4962783,CH,2,COMPSCI2222,7,30,20,31,73,50,COMPSCI7777,72,24,61,84,57,19
6703991,IN,3,COMPSCI4444,70,46,95,9,86,16,COMPSCI8888,84,91,50,30,28,57
5911925,IN,4,COMPSCI4444,18,87,53,14,53,92,COMPSCI8888,25,41,22,2,97,78
6943860,ES,1,COMPSCI2222,66,31,69,60,48,92,COMPSCI8888,44,54,8,21,25,67
6802057,IN,3,COMPSCI1111,83,21,53,79,16,40,COMPSCI5555,25,17,93,81,10,76
7103218,IN,2,COMPSCI2222,52,20,26,48,66,12,COMPSCI7777,44,12,59,58,78,99
6709305,ES,1,COMPSCI1111,90,83,13,99,37,25,COMPSCI8888,66,29,72,87,27,79
6641478,IN,4,COMPSCI1111,39,82,21,67,89,76,COMPSCI5555,74,49,81,60,99,73
5014425,SE,2,COMPSCI4444,5,5,67,55,11,85,COMPSCI8888,63,41,66,68,70,33
3699075,IN,1,COMPSCI4444,92,86,54,22,52,26,COMPSCI6666,92,97,53,5,66,8
3078962,ES,1,COMPSCI4444,18,60,76,82,19,82,COMPSCI5555,79,69,36,96,1,15
2591542,SE,2,COMPSCI4444,55,37,96,40,50,97,COMPSCI5555,9,45,30,41,67,84
3539489,ES,1,COMPSCI2222,54,29,56,73,76,100,COMPSCI7777,57,83,32,91,50,95
4408056,ES,2,COMPSCI4444,41,17,49,25,83,39,COMPSCI7777,70,64,41,15,36,9
4996583,IN,4,COMPSCI2222,32,10,3,54,63,44,COMPSCI8888,89,75,28,79,42,73
6659133,ES,3,COMPSCI3333,17,52,98,31,42,59,COMPSCI6666,35,23,95,80,99,1
7901721,IN,4,COMPSCI2222,18,2,62,50,88,76,COMPSCI8888,7,58,21,87,2,5
5607686,ES,2,COMPSCI2222,51,75,96,32,5,3,COMPSCI8888,78,71,49,33,87,9
5720256,ES,3,COMPSCI2222,92,65,44,64,77,64,COMPSCI8888,2,85,95,70,59,86
3499988,IN,4,COMPSCI3333,88,16,35,82,38,94,COMPSCI8888,5,89,66,92,1,77
4540661,ES,2,COMPSCI1111,34,7,23,90,57,72,COMPSCI8888,34,41,12,93,73,9
9476530,IN,3,COMPSCI4444,32,70,10,51,27,20,COMPSCI8888,5,49,46,62,46,43
5107105,CH,2,COMPSCI4444,86,75,76,59,51,10,COMPSCI5555,81,64,87,75,68,89
2093921,ES,4,COMPSCI4444,61,69,60,88,62,100,COMPSCI5555,72,35,45,8,3,43
3456180,ES,3,COMPSCI4444,39,48,37,83,93,28,COMPSCI8888,76,56,16,31,94,55
8195529,IN,4,COMPSCI1111,70,95,26,80,14,38,COMPSCI8888,41,17,99,58,3,23
6301560,ES,4,COMPSCI4444,83,36,93,46,42,85,COMPSCI5555,43,51,7,45,34,91
6233502,ES,4,COMPSCI4444,83,17,72,68,57,82,COMPSCI8888,31,94,46,38,69,19
4448769,ES,4,COMPSCI4444,56,14,79,2,40,73,COMPSCI7777,87,16,83,23,58,28
7288597,CS,3,COMPSCI4444,8,52,76,35,68,51,COMPSCI7777,98,9,35,92,79,64
4716439,SE,4,COMPSCI4444,37,67,40,89,76,4,COMPSCI8888,61,24,55,17,80,88
8123447,ES,1,COMPSCI4444,51,23,62,61,33,56,COMPSCI8888,54,62,3,58,77,89
4483789,ES,2,COMPSCI3333,98,24,9,21,83,69,COMPSCI8888,76,71,91,43,66,57
6008633,CH,3,COMPSCI1111,39,85,68,81,13,64,COMPSCI6666,65,82,42,81,5,69
7309770,ES,3,COMPSCI4444,72,82,9,10,40,56,COMPSCI6666,41,21,78,16,93,37
2545766,ES,3,COMPSCI4444,42,89,52,80,94,91,COMPSCI8888,2,53,63,28,40,57
5085540,CH,3,COMPSCI4444,55,52,73,80,73,78,COMPSCI8888,86,42,27,63,88,23
8731117,IN,2,COMPSCI4444,46,34,89,24,51,72,COMPSCI8888,93,11,23,78,79,44
8897518,IN,4,COMPSCI4444,45,83,59,35,42,98,COMPSCI8888,60,31,3,14,46,29
9527241,IN,3,COMPSCI3333,94,5,72,65,89,17,COMPSCI8888,76,1,99,71,40,52
9057659,IN,4,COMPSCI4444,16,23,26,11,93,83,COMPSCI8888,62,66,81,29,30,85
4021061,ES,3,COMPSCI4444,96,83,91,13,53,20,COMPSCI7777,19,88,80,22,83,59
4003773,CS,2,COMPSCI2222,68,37,58,51,81,95,COMPSCI5555,99,18,51,31,29,8
3871023,ES,1,COMPSCI4444,83,7,11,93,80,41,COMPSCI7777,21,32,71,26,90,22
5494793,ES,3,COMPSCI3333,29,64,28,27,88,83,COMPSCI8888,61,15,27,90,63,4
3878041,CH,3,COMPSCI1111,88,25,30,53,72,72,COMPSCI8888,48,75,80,41,8,79
9836168,IN,2,COMPSCI4444,82,87,88,3,58,76,COMPSCI8888,48,15,35,26,56,22
4351366,ES,2,COMPSCI4444,95,72,37,54,41,66,COMPSCI7777,83,2,19,31,71,66
6834649,CS,2,COMPSCI4444,34,64,66,76,43,9,COMPSCI7777,45,17,96,78,65,5
4774775,ES,4,COMPSCI4444,61,83,36,13,50,69,COMPSCI8888,18,46,83,33,64,20
1836630,IN,4,COMPSCI2222,95,6,64,1,33,77,COMPSCI7777,90,32,43,22,29,71
4611613,CH,4,COMPSCI4444,6,11,54,26,12,28,COMPSCI6666,13,84,92,6,4,41
8044092,ES,1,COMPSCI2222,80,42,34,85,12,22,COMPSCI8888,50,22,16,15,10,50
9694337,IN,2,COMPSCI4444,40,65,74,28,82,100,COMPSCI8888,83,7,97,45,44,76
7355712,ES,1,COMPSCI4444,87,17,71,29,13,3,COMPSCI8888,87,98,42,4,42,11
8762783,ES,4,COMPSCI4444,55,48,85,82,42,91,COMPSCI7777,64,70,55,43,23,94
2640766,IN,3,COMPSCI4444,91,4,16,14,9,47,COMPSCI8888,81,25,67,30,39,92
2711073,CH,4,COMPSCI3333,89,26,7,94,84,9,COMPSCI8888,71,85,10,70,52,2
6946977,CH,4,COMPSCI1111,29,98,95,77,82,49,COMPSCI7777,45,11,47,73,22,79
6529674,IN,1,COMPSCI2222,52,36,19,1,1,8,COMPSCI5555,54,23,63,60,22,6
7839091,IN,2,COMPSCI4444,59,18,75,76,90,51,COMPSCI8888,70,11,50,16,10,56
1254285,IN,4,COMPSCI4444,54,66,29,69,14,6,COMPSCI5555,4,47,67,100,63,62
8373292,IN,2,COMPSCI4444,66,13,36,4,70,98,COMPSCI8888,60,22,95,64,59,13
6298231,ES,3,COMPSCI4444,48,16,5,3,18,46,COMPSCI8888,44,68,91,89,36,74
4830931,ES,2,COMPSCI3333,96,59,92,74,36,91,COMPSCI7777,73,58,54,43,76,97
1814611,CH,4,COMPSCI2222,53,58,29,16,73,7,COMPSCI8888,78,85,28,35,60,64
8986066,ES,4,COMPSCI4444,30,91,74,73,97,15,COMPSCI8888,68,83,53,97,90,57
1425359,ES,4,COMPSCI3333,82,74,74,97,92,60,COMPSCI8888,5,2,85,5,10,33
9502086,SE,3,COMPSCI3333,86,43,85,78,93,22,COMPSCI5555,13,50,57,55,94,64
3967812,ES,3,COMPSCI1111,78,71,30,80,43,59,COMPSCI8888,1,77,68,66,52,63
5033357,SE,1,COMPSCI1111,99,20,41,60,28,14,COMPSCI8888,10,80,53,57,55,30
2102923,ES,1,COMPSCI2222,9,38,33,37,40,33,COMPSCI7777,5,73,94,73,92,37
1505300,ES,1,COMPSCI4444,73,58,2,93,47,70,COMPSCI8888,88,36,61,15,46,50
2665916,CH,3,COMPSCI3333,7,14,15,94,26,40,COMPSCI8888,78,25,68,30,33,64
8314363,ES,2,COMPSCI4444,56,40,13,67,15,16,COMPSCI7777,27,63,40,84,85,31
1161677,CH,3,COMPSCI4444,10,35,35,79,48,54,COMPSCI7777,46,53,100,56,31,29
6221143,ES,1,COMPSCI1111,43,92,81,58,35,89,COMPSCI5555,47,76,41,8,38,47
9343952,ES,3,COMPSCI4444,98,7,96,50,41,40,COMPSCI7777,39,43,39,24,99,9
8565141,CS,2,COMPSCI4444,14,37,43,95,58,83,COMPSCI8888,39,93,23,96,58,66
9503980,IN,4,COMPSCI3333,4,68,87,82,88,69,COMPSCI8888,34,11,1,84,75,79
2795485,ES,3,COMPSCI1111,22,38,39,28,55,98,COMPSCI7777,24,42,25,90,60,71
2051674,IN,3,COMPSCI1111,56,49,64,42,56,34,COMPSCI8888,59,93,62,83,97,20
7489465,IN,4,COMPSCI4444,11,90,35,16,51,20,COMPSCI8888,54,50,100,99,95,22
8704682,CH,1,COMPSCI3333,23,15,71,13,34,4,COMPSCI7777,17,40,46,47,66,44
2419854,IN,1,COMPSCI4444,5,64,47,80,19,69,COMPSCI7777,59,24,4,43,30,32
5772820,IN,3,COMPSCI4444,86,97,39,47,30,77,COMPSCI8888,5,96,50,85,20,69
9230366,ES,2,COMPSCI4444,53,91,67,33,47,97,COMPSCI6666,37,49,4,83,12,64
2243116,IN,3,COMPSCI4444,26,12,58,31,29,46,COMPSCI8888,75,60,44,11,86,1
8583452,ES,4,COMPSCI4444,85,89,36,84,81,94,COMPSCI8888,57,15,47,67,85,42
3536397,IN,2,COMPSCI3333,23,3,17,29,14,24,COMPSCI8888,70,17,85,1,27,61
9212657,IN,4,COMPSCI1111,85,23,62,67,38,98,COMPSCI7777,70,29,59,23,45,17
5880502,IN,3,COMPSCI4444,34,21,41,78,6,2,COMPSCI6666,66,70,100,38,99,61
6425248,IN,4,COMPSCI1111,58,7,19,44,100,74,COMPSCI8888,97,19,54,93,91,47
9266482,IN,3,COMPSCI4444,29,5,37,28,57,10,COMPSCI8888,57,9,1,19,28,88
3405400,ES,1,COMPSCI3333,74,84,74,16,54,28,COMPSCI8888,19,59,66,32,54,47
2297946,ES,4,COMPSCI4444,46,60,13,57,52,84,COMPSCI6666,93,24,25,28,1,98
4368708,IN,2,COMPSCI3333,61,60,37,37,6,19,COMPSCI8888,37,66,89,42,49,78
9811399,ES,2,COMPSCI4444,63,9,61,25,26,31,COMPSCI7777,61,66,90,94,66,93
1097337,ES,2,COMPSCI3333,53,97,36,36,1,58,COMPSCI8888,100,43,19,79,49,78
4217257,ES,2,COMPSCI1111,83,91,28,60,51,20,COMPSCI6666,97,25,44,50,85,11
2323671,ES,4,COMPSCI1111,96,76,78,98,33,71,COMPSCI8888,22,43,100,23,99,17
2644284,IN,1,COMPSCI4444,98,95,40,49,31,71,COMPSCI5555,97,64,30,58,15,18
9862966,IN,4,COMPSCI2222,1,90,58,66,20,77,COMPSCI8888,13,16,88,80,36,53
4003096,IN,3,COMPSCI4444,22,54,55,89,5,24,COMPSCI8888,31,26,93,61,94,52
7289662,CH,3,COMPSCI4444,99,45,15,4,9,13,COMPSCI7777,99,73,82,84,3,26
3357923,CH,1,COMPSCI4444,89,91,12,60,47,96,COMPSCI8888,14,58,40,38,4,82
9091383,ES,4,COMPSCI2222,67,50,82,22,19,4,COMPSCI8888,87,60,56,60,72,33
5257578,ES,1,COMPSCI3333,96,21,80,68,47,51,COMPSCI7777,29,40,28,83,65,80
5475698,ES,3,COMPSCI4444,6,55,6,21,25,56,COMPSCI8888,36,16,10,48,70,47
3499666,ES,2,COMPSCI1111,41,45,73,39,18,89,COMPSCI7777,86,5,54,96,83,58
2003494,ES,2,COMPSCI4444,70,57,62,48,30,89,COMPSCI5555,18,55,37,50,60,42
7571061,CS,1,COMPSCI2222,93,76,42,73,85,53,COMPSCI8888,22,68,87,15,86,66
1995634,CH,1,COMPSCI4444,54,36,12,22,35,75,COMPSCI7777,32,51,85,95,95,41
4686132,IN,3,COMPSCI4444,50,6,5,86,4,30,COMPSCI6666,94,7,34,33,47,51
2014655,ES,2,COMPSCI1111,60,58,89,99,76,19,COMPSCI6666,48,74,92,24,89,68
5506605,ES,3,COMPSCI2222,66,96,55,58,21,12,COMPSCI5555,3,80,18,34,32,18
4376603,IN,2,COMPSCI4444,69,31,3,27,38,85,COMPSCI5555,10,89,98,64,24,66
9282971,CH,4,COMPSCI4444,20,28,72,51,16,56,COMPSCI7777,51,30,69,22,85,18
1473745,CS,1,COMPSCI4444,9,20,72,100,51,44,COMPSCI7777,16,92,96,40,71,46
7206259,ES,3,COMPSCI4444,37,2,81,5,21,66,COMPSCI8888,67,27,84,73,53,2
8205589,IN,3,COMPSCI3333,47,65,22,83,22,79,COMPSCI8888,94,99,30,29,61,89
1212366,ES,2,COMPSCI2222,75,35,41,17,100,46,COMPSCI8888,3,17,65,63,92,26
6605900,ES,1,COMPSCI4444,20,70,63,83,8,39,COMPSCI8888,43,44,55,83,2,14
1235143,ES,4,COMPSCI3333,8,66,68,77,64,8,COMPSCI8888,66,40,50,49,80,63
3460020,IN,1,COMPSCI4444,59,1,63,22,83,68,COMPSCI8888,39,76,41,59,96,88
6071195,ES,2,COMPSCI4444,62,79,34,89,78,94,COMPSCI8888,53,49,32,33,1,3
2778828,ES,4,COMPSCI4444,36,41,19,77,7,62,COMPSCI8888,90,10,88,11,16,75
9963906,ES,2,COMPSCI4444,17,51,46,29,88,16,COMPSCI7777,9,8,45,78,38,65
4536276,IN,2,COMPSCI3333,38,75,7,15,46,25,COMPSCI5555,80,1,31,57,15,25
7467758,ES,4,COMPSCI4444,53,21,31,26,93,83,COMPSCI5555,13,74,35,43,18,67
7846667,IN,4,COMPSCI2222,16,14,52,89,49,74,COMPSCI8888,65,59,7,95,99,13
2566398,ES,4,COMPSCI3333,11,55,94,51,35,78,COMPSCI7777,79,81,86,80,56,74
6105671,ES,2,COMPSCI3333,96,82,20,83,70,38,COMPSCI7777,73,46,33,99,39,45
8750691,ES,4,COMPSCI4444,25,10,67,54,48,69,COMPSCI6666,46,64,11,82,27,77
4005673,ES,1,COMPSCI1111,37,2,33,46,13,65,COMPSCI6666,31,14,33,99,100,51
3213503,CH,2,COMPSCI3333,77,66,62,18,51,55,COMPSCI8888,55,2,65,95,79,84
9642882,CH,3,COMPSCI3333,37,70,54,41,40,40,COMPSCI7777,98,39,23,21,75,27
9242708,IN,1,COMPSCI4444,9,16,45,95,95,66,COMPSCI8888,74,75,9,38,64,44
1722190,ES,4,COMPSCI3333,41,36,93,11,64,27,COMPSCI8888,44,99,60,59,74,21
7402103,IN,3,COMPSCI3333,86,80,49,19,37,100,COMPSCI6666,29,36,21,10,7,98
5701115,ES,1,COMPSCI1111,19,51,25,69,26,43,COMPSCI5555,71,100,34,53,93,77
4462998,CH,1,COMPSCI4444,68,51,53,3,74,1,COMPSCI6666,20,16,14,65,51,53
5400946,IN,2,COMPSCI2222,72,28,89,89,18,34,COMPSCI7777,91,64,85,77,50,35
6320770,ES,2,COMPSCI4444,25,67,46,90,31,28,COMPSCI8888,64,38,85,5,89,33
6061908,CS,3,COMPSCI4444,81,49,15,93,86,89,COMPSCI7777,65,24,78,18,30,8
3946039,CH,3,COMPSCI1111,45,89,37,83,14,72,COMPSCI8888,22,89,28,76,20,30
8616077,ES,2,COMPSCI4444,100,22,64,4,64,64,COMPSCI6666,37,59,93,75,4,72
3681540,CS,1,COMPSCI3333,7,80,68,100,73,34,COMPSCI5555,27,41,14,39,77,7
1285962,CH,4,COMPSCI1111,41,71,11,10,100,34,COMPSCI8888,93,25,93,61,56,85
3436322,IN,3,COMPSCI4444,81,96,6,54,31,72,COMPSCI7777,96,1,85,9,5,40
2409021,ES,3,COMPSCI3333,73,15,2,47,50,7,COMPSCI6666,54,100,53,29,79,13
2732940,IN,1,COMPSCI4444,61,42,87,51,37,81,COMPSCI8888,99,100,27,58,100,41
7152773,ES,2,COMPSCI3333,31,38,40,75,8,88,COMPSCI6666,72,71,39,64,75,50
9951780,ES,3,COMPSCI4444,3,49,60,38,38,20,COMPSCI7777,46,92,79,52,46,27
9220777,CH,1,COMPSCI1111,61,11,16,66,27,64,COMPSCI7777,79,24,35,56,65,33
1884231,IN,3,COMPSCI4444,42,90,89,46,69,1,COMPSCI7777,83,41,12,9,75,20
5478774,IN,4,COMPSCI3333,47,92,46,34,100,10,COMPSCI7777,38,50,7,84,78,2
7869139,ES,2,COMPSCI4444,45,45,61,70,100,31,COMPSCI7777,74,40,90,65,12,95
9451843,ES,4,COMPSCI2222,25,98,33,85,1,46,COMPSCI8888,83,29,100,61,26,23
3044182,ES,4,COMPSCI4444,57,97,33,7,64,72,COMPSCI8888,36,70,57,65,39,14
8856341,ES,1,COMPSCI2222,13,51,64,37,8,76,COMPSCI7777,95,39,12,71,75,36
9044741,ES,1,COMPSCI2222,38,88,33,30,9,1,COMPSCI8888,71,32,49,73,8,89
9223604,ES,2,COMPSCI4444,11,83,90,36,12,63,COMPSCI8888,80,51,97,83,14,96
2396551,CS,4,COMPSCI4444,77,55,58,76,49,3,COMPSCI6666,4,5,99,38,40,70
